거래처명,구분,사업자번호,대표자명,업태,종목,주소,전화번호,팩스번호,휴대폰,이메일,대신화물_지점,경동화물_지점,담당자명,담당자연락처,메모,사용여부
현도철물,고객업체 (판매),,박희상,소매,"철물,잡화화",충청북도 청원군 현도면 죽전길 6,043-269-5657,,,,,,,,,활성
부성종합상사,혼합 (판매+구매),,양상규,도소매업,철물건재,충남 천안시 서북구 성환읍 신방로 330,041-581-1127,041-581-1126,,,,,,,,활성
주식회사 자산,혼합 (판매+구매),,황구수,도매및 상품중개업,농업용기계및장비,"대구광역시 중구 북성로4길 7-17, 2층(인교동)",053-257-1213,053-289-1213,,,,,,,,활성
한일종합건재,혼합 (판매+구매),,김동규,도매업,건축자재,충남 천안시 서북구 성환읍 성환리 449-112,,041-581-0205,,,,,,,,활성
풍성한상사,혼합 (판매+구매),,이사랑,,,,,,,,,,,,,활성
유영찬,혼합 (판매+구매),,,,,,,,,,,,,,,활성
알파연마테크,혼합 (판매+구매),,장석호,,,경기도 여주시 강천면 강문로 694,031-886-6351,031-637-6354,,,,,,,,활성
(주)신흥이앤씨,고객업체 (판매),251218,박철용,,,경기도 구리시 사노동 400-10,031-575-5191,031-575-5196,,,,,,,,활성
새마을건재,고객업체 (판매),251217-1,유경임,소매업,철물,충남 홍성군 광천읍 신진리 520-36,,,,,,,,,,활성
대일철물 유영찬,고객업체 (판매),,,,,,,,,,,,,,,활성
주식회사 우경메탈,고객업체 (판매),251218,이대형,"건설,도소매",유리및 창호 공사업등등,"경기도 남양주시 다산중앙로123번길 22-30,1동929호호",031-595-4861~2,031-595-4863,,,,,,,,활성
영진건재,혼합 (판매+구매),,,,,충북 보은군 보은읍 보청대로1866,043-544-2268,043-543-5981,,,,,,,,활성
동부철물,혼합 (판매+구매),251215-1,장홍덕,도소매,철물,충북. 괴산군 괴산읍 문무로역고개길 92,043-834-6682,043-834-6681,,,,,,,,활성
일성철물건재,혼합 (판매+구매),,김희용,소매업,철물건재,충북 보은군 보은읍 죽전제방길 4,,,,,,,,,,활성
신성공구,고객업체 (판매),,하태형,도소매,"철물,공구,안전용품품",충남 홍성군 홍성읍 조양로 6,041-633-0909,041-632-2667,,,,,,,,활성
강일GTC,매입업체 (구매),,유창석,도소매,건축자재,경기도 광주시 초월읍 산수로 554번길 30-2,031-763-2371,,,,,,,,,활성
블랙불코리아,매입업체 (구매),,서성길,도매 및 소매업,"공구,철물","서울시 은평구 통일로 586-19,104동 1310호(녹번동,jr아파트)",,,,,,,,,,활성
주식회사구사,고객업체 (판매),251214-1,서보경,도소매외,철물외,충청남도 보령시 주교면 토정로 1032,041-931-9409,041-933-9409,,,,,,,,활성
신흥철물,고객업체 (판매),,김종억,소매,"철재,철물,건재",충남 홍성군 홍성읍 충절로 924,041-632-3069,041-634-7705,,,,,,,,활성
효인,혼합 (판매+구매),,박춘화,,,"대전 대덕구 대화로160, 8-117",042-670-7772,042-670-8452,,,,,,,,활성
캠핑공작소,고객업체 (판매),,,,,,,,,,,,,,,활성
(주)한국기업,혼합 (판매+구매),,김일,도매,기계공구,경기도 평택시 포승읍 평택항로268번길 186,042-670-7878,042-670-7879,김정환,,,,,,,활성
장기종합건재,고객업체 (판매),251210-2,윤강원,도소매,건재 철물,세종특별자치시  장군면 월현윗길  176,044-855-9500,,,,,,,,,활성
드림종합상사,혼합 (판매+구매),,최부건외1명,도매 및 소매업,건설공구 및 건설공구소모품,"부산광역시 강서구 유통단지1로 50, 207동 113호(대저2동,부산티플렉스)",,0504-390-5220,,,,,,,,활성
누리엠알오,혼합 (판매+구매),,박수영,도소매업,그라인더날,대전광역시 유성구 복용로11번길 6-35,042-625-1246,042-367-1246,,,,,,,,활성
원스톱 종합건축자재,고객업체 (판매),,윤승민외 1명,도소매,철물외,세종특별자치시 연기면 연기리 135-13,044-865-8200,044-865-2002,,,,,,,,활성
현성산업,고객업체 (판매),,,,,,,,,,,,,,,활성
중부건재,고객업체 (판매),251210-1,이성규,소매업,철물,충북 음성군 대소면 오태로124,,,,,,,,,,활성
대흥종합공구,혼합 (판매+구매),,복언한,도소매,"농업용기계및장비,철물및수공구",충남 청양군 청양읍 문화예술로 117,041-943-0994,041-943-0997,,,,,,,,활성
(주)수보,혼합 (판매+구매),,,,,서울시 은평구 응암동 백련산로 36 백련산힐스테이트 아파트 3차 304동 1001,,,,,,,,,,활성
금남상사,고객업체 (판매),,김윤기,도소매,철물,"충청남도 당진시 서부로 279(채운동, 금남상사)",041-355-9966,041-356-1673,,,,,,,,활성
영신건재,고객업체 (판매),,민경미,"도소매,제조","건축자재,농기계,농자재",경북 영천시 신녕면 장수로 1672,054-332-0026,054-334-8877,,,,,,,,활성
대양종합상사,고객업체 (판매),,정명원,도소매,pvc 철물 공구,전남 목포시 영산로 838(대양동),061-281-0792,,,,,,,,,활성
충청벤딩,고객업체 (판매),,박성환,도매및제조업,철물,충북 청주시 서원구 남이면 가좌신송로 9-11,043-260-3211,043-260-3213,,,,,,,,활성
원일종합상사,고객업체 (판매),251205,장영이,도소매,배관자재및 건자재재,경남 함양군 함양읍 한들로 257,055-962-1464,055-963-4325,,,,,,,,활성
대명종합건재,고객업체 (판매),251205-2,노만균,도소매,전기재료 공구,충북 진천군 덕산면 용몽4길 2,043-532-4630,043-533-4006,,,,,,,,활성
도영종합상사,고객업체 (판매),251205-3,최오선,도매및소매업,,충청북도 진천군 덕산읍 한삼로 7,043-534-4742,043-536-4744,,,,,,,,활성
선일철물점,고객업체 (판매),,김재승,소매업,철물,경기도 고양시 일산동구 장항로 261(장항동),031-905-0991,031-905-0989,,,,,,,,활성
다판다철물점,고객업체 (판매),,이가운,소매업,철물외,경상남도 하동군 옥종면 옥단로 1022,,,,,,,,,,활성
성진툴코리아,혼합 (판매+구매),,남성기,도매,공구철물,경기도 화성시 정남면 가장로 233(1층),031-206-0988,031-206-0949,,,,,,,,활성
풍년자재,고객업체 (판매),,,,,,,,,,,,,,,활성
주식회사 부원,고객업체 (판매),251204,최윤정,"제조업,부동산업","건축자재,공구외",경기도 평택시 안중읍 포승장안로 24,031-681-8105,031-681-8108,,,,,,,,활성
대전건재,혼합 (판매+구매),,최기승,도매소매업,철물,대전광역시 유성구 학하중앙로 172(학하동),042-822-0989,,,,,,,,,활성
성원기업,고객업체 (판매),,,,,"서울 마포구 대흥로14,1층 성원기업",,,,,,,,,,활성
박종현,혼합 (판매+구매),,,,,,,,,,,,,,,활성
삼양연마공업(주),매입업체 (구매),,,,,경북 영천시 본촌동 433,,,,,,,,,,활성
대일하이텍주식회사,고객업체 (판매),251202-1,박중심,도매소매업,철물공구,전남 목포시  삼학로 153(산정동),061-244-2758,061-242-0989,,,,,,,,활성
황토하우징,고객업체 (판매),,,,,,,,,,,,,,,활성
연무 팔팔철물,고객업체 (판매),,,,,충남 논산시 연무읍 안심로 78-2,,,,,,,,,,활성
유재환,혼합 (판매+구매),251201-1,,,,"대전시 유성구 계룡로60번길86,802호",,,,,,,,,,활성
현대철물,고객업체 (판매),,,,,홍성,,,,,,,,,,활성
현대철물공구건재,혼합 (판매+구매),,윤형근,도소매,철물,충남 청양군 정산면 해남리 530-8,041-943-8555,041-943-1255,,,,,,,,활성
공음철물,고객업체 (판매),,,,,,,,,,,,,,,활성
한성철강,고객업체 (판매),,,,,서산산,,,,,,,,,,활성
우리산업안전물산,혼합 (판매+구매),,조준수,도매및소매업,공구 철물,충남 보령시 주교면 보령북로 281,041-934-6688,041-934-6686,,,,,,,,활성
대동볼트,고객업체 (판매),,화보옥,도매외,볼트외,경상남도 진주시 공단로 153-1(상평동),055-753-8596,055-753-9779,,,,,,,,활성
염산철물,고객업체 (판매),,,,,,,,,,,,,,,활성
충남철물(부여),고객업체 (판매),,윤석중,도.소매,철물,충청남도 부여군 부여읍 성왕로 138-1,041-833-9393,041-833-9392,,,,,,,,활성
한국기업 강민기,혼합 (판매+구매),,,,,,,,,,,,,,,활성
도개건재 구미,고객업체 (판매),,,,,경북 구미시 도개면 도안로 139,054-474-4393,,,,,,,,,활성
한국레즈본,혼합 (판매+구매),,김진욱,,,"경기도 고양시 일산동구 사리현로 161 (사리현동 622,623)",031-966-0981,031-966-0911,,,,,,,,활성
티롤릿코리아,혼합 (판매+구매),,,,,서울시 송파구 법원로128 SK메트로시티 B동1410호,02-400-2606,02-527-0123,,,,,,,,활성
공영공구,혼합 (판매+구매),251125-2,황순옥,도매및소매,공구 철물,충북 청주시 서원구 남이면 청남로 1535-3            주소이전지적용용,043-268-9343,,,,,,,,,활성
대경종합철물,고객업체 (판매),,염정인,도소매,"철물,건축자재외",전라남도 나주시 산포면 매성길 152-78,061-337-0982,061-337-1369,,,,,,,,활성
인교종합상사,고객업체 (판매),251125,정인교,도소매,철물,경상북도 구미시 산동면 강동로 953-12,054-472-7725,054-472-7726,,,,,,,,활성
영진철물 유영찬,고객업체 (판매),,,,,전남 장흥군 장흥읍 남부관광로 89,,,,,,,,,,활성
스마트종합건재,혼합 (판매+구매),,한철규,도소매,건축자재,충남 서산시 서해로 3431(석림동),041-665-1415,041-920-7748,,,,,,,,활성
자원철물,고객업체 (판매),,강승준,도소매,"건축자재,철물,안전용품","충북 청주시 청원구 오창읍 팔결로 410, 2동",043-218-9888,043-901-0057,,,,,,,,활성
부원건철종합,고객업체 (판매),,최윤정,도소매,"건축자재,공구외",경기도 평택시 안중읍 포승장안로 24,031-681-8105,031-681-8108,,,,,,,,활성
(주)기흥툴링,혼합 (판매+구매),,이규홍,도소매업,대신화물 문정동지점점,"서울특별시 송파구 충민로10, 4층(문정동,비39 가든파이브툴)",02-2273-8716,02-2269-3906,,,,,,,,활성
유명철물종합상사,혼합 (판매+구매),251121,이명화,도소매,"철물,공구,건축자재,안전용품",경상북도 구미시 선산읍 교리길 35,054-482-0489,054-482-0490,,,,,,,,활성
그린종합건재철물,혼합 (판매+구매),,안진,도소매,철물,충북 옥천군 옥천읍 마장로 6-2,043-731-0958,043-731-0959,,,,,,,,활성
주식회사 금강테크,고객업체 (판매),,조성오,도소매,공구도소매업등등,경상남도 산청군 신안면 원지로 52-1,055-974-0919,055-974-0989,,,,,,,,활성
제일연마영업소,혼합 (판매+구매),,,,,,,,,,,,,,,활성
(주)아주기업,고객업체 (판매),251119-1,박인준,건설,"전자기기설비,일반건축등",울산광역시 울주군 삼남면 신화리로 29,,,,,,,,,,활성
TU글로벌,혼합 (판매+구매),,신정호,제조업,,경기도 평택시 포승읍 포승공단로 117번길 50,031-684-5451,,,,,,,,,활성
서울철물(평창),고객업체 (판매),,김정현,,"배관,철물,수공구등",강원도 평창군 평창읍 백오로43,033-333-0767,033-334-0767,,,,,,,,활성
칠성철물,고객업체 (판매),,,,,,,,,,,,,,,활성
하동금물,고객업체 (판매),,여태세,,"건설,건축,건자재전문",경남 하동군 하동읍 중앙1길 5-5,055-882-2577,055-883-6982,,,,,,,,활성
일등공구 주식회사,고객업체 (판매),,이미경,"도소매,제조업",기계부품 공구 일반철물등등,대구광역시 달서구 성서서로 198(갈산동),053-581-0093,053-582-0093,,,,,,,,활성
삼환,혼합 (판매+구매),,,,,,,,,,,,,,,활성
예산형제철물,고객업체 (판매),,강형구,소매업,철물,충남 예산군 예산읍 예산로 48,041-334-7631,041-331-0949,,,,,,,,활성
거성기계건설,고객업체 (판매),,김준홍,,,,,,,,,,,,,활성
프라이스다운,고객업체 (판매),,,,,,,,,,,,,,,활성
한국철물공구건재,고객업체 (판매),,정성진,도매소매,철물공구,충북 괴산군 괴산읍 읍내로 117,,,,,,,,,,활성
윤`s TOOL,고객업체 (판매),,허승빈,도소매,"철물,금속","부산시 기장군 정관읍 방곡로 39,105동802호",,0504-237-8885,,,,,,,,활성
성진철물,고객업체 (판매),,,,,,,,,,,,,,,활성
주식회사 툴24,고객업체 (판매),,설선호,도매 칭 소매업업,기계공구구,"인천시 남동구 은청로 4-7, 에이동124호,125호(고잔동,남동공단산업용품상가)",032-819-0989,032-819-8080,,,,,,,,활성
원지건축,고객업체 (판매),,,,,경남 산청군 신안면 하정리 752,055-973-3600,,,,,,,,,활성
문화철물건재,고객업체 (판매),,이완호,소매,철물,경기도 이천시 설성면 진상미로 665번길 2-3,,031-642-0096,,,,,,,,활성
신평종합상사,고객업체 (판매),,강민구,도소매,철물,충남 금산군 추부면 서대산로 537,041-752-5799,041-752-5755,,,,,,,,활성
풍농자재,고객업체 (판매),,,,,,,,,,,,,,,활성
금성종합상사,고객업체 (판매),,오민철,도소매외,건축자재외,충남 금산군 추부면 서대산로 26,041-752-0366,041-754-0633,,,,,,,,활성
팔팔철물건재,고객업체 (판매),,,,,충북 옥천군 옥천읍 옥천 1676로,,,,,,,,,,활성
용건재,혼합 (판매+구매),,정병호,도소매,철물,충남 아산시 영인면 아산리 262-2,041-542-5167,,,,,,,,,활성
충남철물포장,혼합 (판매+구매),251110,윤홍일,도소매업,철물외,경기도 안성시 원곡면 가천중앙1길 92-1,031-692-1408,031-692-1420,,,,,,,,활성
태진상사,고객업체 (판매),251107-1,최삼수,도소매매,"고무제품,기계공구등등",서울특별시 종로구 종로26길 14-10,02-2273-2264,,,,,,,,,활성
영광종합건재,고객업체 (판매),251110-1,하영주,도소매,철물및 수공구도매등,"충북 제천시 덕산면 약초로41, 1층",043-645-3027,043-646-3027,,,,,,,,활성
관산철물건재,고객업체 (판매),,안만복,소매,"철물,건축자재,안전용품",경기도 고양시 일산동구 공릉천로 5(사리현동),,031-969-7877,,,,,,,,활성
CM최민상사,매입업체 (구매),,,,,서울시 노원구 덕릉로79길 35. 101호(중계동),02-933-5750,02-932-5751,,,,,,,,활성
가남공구볼트상사,고객업체 (판매),251105-1,황학순,도소매,철물공구,경기 여주시 가남읍 태평리164-3,031-883-1533,031-883-1534,,,,,,,,활성
삼일건재종합상사,혼합 (판매+구매),,이상준,도소매,건축자재,충북 음성군 금왕읍 금일로22,043-877-8955,043-881-8955,,,,,,,,활성
덕수철물점,고객업체 (판매),,박해옥,소매업,철물,충남 예산군 예산읍 창말로 46,041-334-6613,,,,,,,,,활성
(주)우리종합금속,매입업체 (구매),,,,,,043-216-0081,043-216-0084,,,,,,,,활성
신광철물건재상사,고객업체 (판매),251104-5,손병열,소매업외,철물외,충청남도 서산시 석림2길 29(석림동),041-665-3818,041-665-0482,,,,,,,,활성
일로철물,고객업체 (판매),,오순희,소매,철물,전라남도 무안군 일로읍 월암리 290-82,,,,,,,,,,활성
명성철물,고객업체 (판매),,,,,,,,,,,,,,,활성
보성PVC,혼합 (판매+구매),,이민정,도소매,"pvc,상하수도관,안전용품,철물",전남 보성군 보성읍 용문길67,061-853-1472,061-853-1473,,,,,,,,활성
신안천막,고객업체 (판매),,,,,,,,,,,,,,,활성
넘버원어닝,고객업체 (판매),,서동만,,"자이언트어닝,창고용천막,철구조물",대전시 중구 계백로1654번길 12,042-534-4947,042-524-5188,,,,,,,,활성
(주)현대온실농자재산업,고객업체 (판매),,김재훈,도소매,농자재,전남 광양시 광양읍 남문3길 19,,,,,,,,,,활성
주식회사 고려철물건재,혼합 (판매+구매),,박지환,소매,철물,충남 논산시 대교동 113-1,,,,,,,,,,활성
우일건재,고객업체 (판매),251103-2,김남구,도매,건축자재,충북 옥천군 옥천읍 마장로32,043-731-0086,,,,,,,,,활성
ITS,매입업체 (구매),,허도,도소매,산업안전용품,대전 대덕구 오정로51번길 16-24,,042-627-8052,,,,,,,,활성
유성홈센타,고객업체 (판매),,유현식,소매업,"기타잡자재,안전용품",전북 완주군 고산면 고산로 84-6,063-263-3005,063-263-3006,,,,,,,,활성
대동공업사,고객업체 (판매),,이광선,,,충남 예산군 고덕면 석곡북길 5    (석곡리 28-11),,,,,,,,,,활성
한신그레이스,혼합 (판매+구매),,,,,,,,,,,,,,,활성
자연우드,고객업체 (판매),,이동근,도소매,"목재류,철물공구",충남 태안군 태안읍 서해로 2015,041-675-2426,041-675-2427,,,,,,,,활성
다모아팜,혼합 (판매+구매),251030-1,임섭순,건설업,배관냉난방공사,충남 금산군 금산읍 인삼로220.2동동,041-751-5445,041-751-5446,,,,,,,,활성
대명종합전기상사,혼합 (판매+구매),,김미경,도소매,전기재료 공구,충북 진천군 덕산읍 용몽리 594-21,,043-537-3308,,,,,,,,활성
중앙산업,고객업체 (판매),,김태화,제조외,하이샤시외,전남 영광군 영광읍 옥당로 5-6,061-353-3028,,,,,,,,,활성
제이케이산업안전,고객업체 (판매),251029-1,김완중,도소매,"안전용품,건설자재등등","대전광역시 중구 대둔산로 281,1층층",042-583-2562,042-583-2561,,,,,,,,활성
연무철물,혼합 (판매+구매),251028-1,박성래,소매,철물,충남 논산시 연무읍 안심로 77,,,,,,,,,,활성
수주테크,고객업체 (판매),,김남식,도소매,기계공구,대구광역시 달서구 성서공단로39길 18-10(갈산동) 84호호,053-583-6356,053-583-6357,,,,,,,,활성
두기텍(주),고객업체 (판매),,박정숙,"제조,도매",기계부품,경기도 안양시 동안구 엘에스로91번길 16-42,02-893-1385,031-452-,,,,,,,,활성
전일안전공구,혼합 (판매+구매),,이정행,도소매,철물 안전공구,전남 목포시 산정공단로 35,0507-1434-0243,061-276-0180,,,,,,,,활성
팽성종합공구철물,고객업체 (판매),,김병수,도소매매,"시멘트 벽돌,철물,공구,건축자재재","경기도 평택시 팽성읍 송화택지로 157, 1.2층",031-691-8170,,,,,,,,,활성
대명철물건재,고객업체 (판매),,,,,,,,,,,,,,,활성
대광공구,고객업체 (판매),,정지선,,,충남 예산군 예산읍 충서로 911-5,041-331-0984,,,,,,,,,활성
주식회사 대양상사,고객업체 (판매),251021-1,최은정,"도소매,제조업","연마,포,지,석,절단석등",경기도 화성시 남양읍 현대기아로 457,031-359-9264,031-8059-0905,,,,,,,,활성
문화전기주식회사,고객업체 (판매),251015,노영달,,,충북 청주시 상당구 무심동로390번길 10,,043-253-0609,,,,,,,,활성
부원기건주식회사,고객업체 (판매),,김용희,,,경남 진주시 도동로183번길 14-1(하대동),055-753-5354,055-753-7574,,,,,,,,활성
대형공구철물건재,고객업체 (판매),251014-2,강대형,도소매,공구.철물,대전 중구  동서대로 1249,042-526-0979,042-526-0978,,,,,,,,활성
경민건축,고객업체 (판매),,,,,,,,,,,,,,,활성
봉원건재,고객업체 (판매),,,,,경상남도 진주시 창렬로 45,055-745-4109,,,,,,,,,활성
참조은하우스,고객업체 (판매),,,,,전북 고창,,,,,,,,,,활성
(주)태경공구,고객업체 (판매),,김형래,도소매,"공구,철물",경기도 남양주시 진접읍 금강로 1133번지,031-529-5700,,,,,,,,,활성
대광철물공구,고객업체 (판매),,윤석진,도소매,철물 공구,대전광역시 중구 유천로 71(유천동),,,,,,,,,,활성
(유)태진건업건설,고객업체 (판매),,최승규,"건설,제조","지붕판금공사,건축물조립공사업",전북 정읍시 마곡로 110-6(수성동),063-533-1111,063-533-1214,,,,,,,,활성
유림상사,혼합 (판매+구매),,서정희,도소매,"공구,철물외","대전광역시 대덕구 대덕대로1470번길 61, 104호",,,010-6406-5434,,,,,,,활성
(주)제이원코리아,매입업체 (구매),,서건익,,,경기도 안양시 동안구 엘에스로 91번길 16(호계동) 1층,031-427-1231,031-427-1332,,,,,,,,활성
미래농자재,고객업체 (판매),,,,,,,,,,,,,,,활성
신신태양철물상사,고객업체 (판매),,김종서,도소매,산업안전용품,충남 계룡시 두마면 입암길137,,,,,,,,,,활성
유한회사조은테크,고객업체 (판매),,이종섭,도소매,창호부속및철물외,전라북도 전주시 덕진구 동부대로 780,063-245-5254,063-245-5274,,,,,,,,활성
서부철강,고객업체 (판매),,,,,,,,,,,,,,,활성
대광교역,혼합 (판매+구매),,,,,,,,,,,,,,,활성
오성건재,혼합 (판매+구매),,,,,충북 괴산군 청천면 청천리 54-3,,,,,,,,,,활성
금강종합배관,고객업체 (판매),,이호영,도소매업,배관자재,경상남도 진주시 말티고개로100번길 4(하대동),055-755-0602,055-755-0603,,,,,,,,활성
도경E&C,고객업체 (판매),250923-1,이동욱,건설업,시서물유지관리,"충북 청주시 흥덕구 서부로 875-15, 외 1필지(327-11) B동(신전동)",,,,,,,,,,활성
유한회사 한마루에너지,고객업체 (판매),,김필수,건설,"기계설비공사,냉난방설치",경남 진주시 금산면 금산순롼로293번길 3,055-745-2867,055-744-0746,,,,,,,,활성
대일철물,혼합 (판매+구매),,,,,,,,,,,,,,,활성
신흥피앤에프,고객업체 (판매),250918,최남순,도소매,건설용자재,충북 청주시 상당구 목련로 213-35,0507-1478-2345,,,,,,,,,활성
안면종합공사,고객업체 (판매),250917,김태일,"소매,건설","천막,일반건축공사",충남 태안군 안면읍 장터로 62,,,,,,,,,,활성
금강건재,고객업체 (판매),,강영희,도소매,목재 철물,전북 무주군 무주읍 한풍루로 347,063-324-2366,,,,,,,,,활성
대흥철물목재공구,고객업체 (판매),,인흥진,"소매,임대","철물,목재,문짝,공구",충남 아산시 둔포면 관대길39번길 16(1층),041-534-0977,,,,,,,,,활성
길빵-유,고객업체 (판매),,,,,,,,,,,,,,,활성
신흥철물(유),고객업체 (판매),,,,,,,,,,,,,,,활성
현진툴링,고객업체 (판매),,류옥현,도소매,기계공구,경기도 수원시 권선구 고색동 986 수원종합공구단지 502동 1층1호,031-295-2555,,,,,,,,,활성
공정철물,고객업체 (판매),,강권수,도소매,건축자재외,경남 진주시 대신로 323-2,055-763-9000,,,,,,,,,활성
대영철물(유팀장),고객업체 (판매),,,,,,,,,,,,,,,활성
금강건기,고객업체 (판매),,김준우,,,충남 공주시 신금1길 30-5,041-854-7604,041-854-0812,,,,,,,,활성
원주공구종합상사,혼합 (판매+구매),,박영수,도매업,기계공구,강원도 원주시 우산로 276-2(우산동)  기계공구유통단지내 사동-102호,,033-745-0232,,,,,,,,활성
(주)진성이엔씨,고객업체 (판매),,박종오,,,경북 구미시 고아읍 농공단지길 46,054-455-2467,054-456-2467,,,,,,,,활성
(주)오성연마,혼합 (판매+구매),,방태준,도소매,"연마재,산업용품","경남 창원시 의창구 차상로150번길 102,팔용기계공구상가101호(팔용동,)",055-276-3411,055-276-3413,,,,,,,,활성
연별,고객업체 (판매),,연별,,,인천 서구 원당동230-5 금호어울림센트럴 2403동2703호,,,,,,,,,,활성
영진목공건재,고객업체 (판매),,박하선선,,,장흥군 장흥읍 남부관광로 89,,,,,,,,,,활성
한길건축,고객업체 (판매),,전이하,,,전북 고창군 고창읍 고인돌대로 1897-9,063-564-1414,063-564-4488,,,,,,,,활성
충남철물,고객업체 (판매),250825-2,이은수,도.소매,철물,충남 계룡시 엄사면 엄사리 233,042-841-5225,042-551-5425,,,,,,,,활성
유성자재마트,고객업체 (판매),,강정임,도소매,일반철물및 수공구,충남 논산시 연산면 연산리 507-1,041-734-7841,041-734-7843,,,,,,,,활성
수도철물건재,고객업체 (판매),,이춘택,도매업및소매업,일반철물,강원도 원주시 북원로 2705-1(가현동),,,,,,,,,,활성
신흥철물건재,고객업체 (판매),,김현자,도소매,"공구 소매업,안전용품품","강원도 평창군 대화면 대화2길 6,1층",033-333-2279,,,,,,,,,활성
드림툴텍,혼합 (판매+구매),,김귀자외1명,도소매,기계부품,충남 아산시 둔포면 충무로 1712,041-910-0915,041-911-0915,,,,,,,,활성
(유)태광전기,고객업체 (판매),,조영일,도소매,전기외,"전라북도 남원시 요천로 1741(월락동, 태광전기자재조명)",063-633-7200,063-633-8500,,,,,,,,활성
태성종합건축자재백화점,고객업체 (판매),,최창희,도소매업외,목재외,충청북도 음성군 대소면 대금로 778,,,,,,,,,,활성
청예,고객업체 (판매),,신대현,,컨테이너제작,광양시 용장길 239,061-793-1509,061-793-1508,,,,,,,,활성
수옥종합상사,고객업체 (판매),,진현수,도소매,철물,충남 당진시 면천면 한천로 867,,,,,,,,,,활성
고덕철물건재,고객업체 (판매),,,,,충남 예산군 고덕면 용고길 337,041-337-8128,041-338-8128,,,,,,,,활성
거성종합상사,혼합 (판매+구매),250812-2,김미숙,도소매,건축자재,충남 홍성군 홍북읍 도청대로 96번길  203,,041-634-6309,,,,,,,,활성
(주)유성건업,고객업체 (판매),,양운우,도매외,건축자재외,경기도 남양주시 진건읍 독정로 149,070-8865-1402,031-564-3389,,,,,,,,활성
영진건설,고객업체 (판매),,,,,,,,,,,,,,,활성
우리공조자재상사,고객업체 (판매),,,,,,,,,,,,,,,활성
금강ENG,고객업체 (판매),,,,,,,,,,,,,,,활성
에스제이텍,고객업체 (판매),,최성남,"제조,건설","축산기자재,플랜트기계제작",전남 목포시 삼학로254,061-279-5458,061-242-8448,,,,,,,,활성
비원,매입업체 (구매),,유시현,도소매,공구소매업등,"강원특별자치도 원주시 개륜1길 52-12,1층(봉산동)",,,,,,,,,,활성
효성툴,혼합 (판매+구매),,서효섭,"도매,제조","공구,철물",대구 서구 중리동 1094-9 이전주소- 강원도 원주시 소초면 섬배로 36,033-735-8853,033-734-8853,,,,,,,,활성
하나종합상사,고객업체 (판매),,하순경,도소매,공구 철물,충북 청원군 옥산면  옥산시내길 8,,043-211-0950,,,,,,,,활성
(주)엠앤티,고객업체 (판매),250730-1,"김재문,정재민민",제조업업,미술조형물제작작,경기도 김포시 대곶면 상마신기로 41번길 37-14,,,,,,,,,,활성
아시아예장,고객업체 (판매),,이창화,건설업,철골제작설치,울산광역시 중구 새치로 32 (학성동),,052-297-0485,,,,,,,,활성
동진철물,고객업체 (판매),,,,,,,,,,,,,,,활성
대신테크,고객업체 (판매),,,,,,,,,,,,,,,활성
대영 종합상사,혼합 (판매+구매),,이중근,,,충남 논산시 논산대로 514(지산동),041-735-1087,041-735-1086,,,,,,,,활성
광림탑차,고객업체 (판매),250717-1,고지영,제조,"특장차제조,기타자동차부품제조",충청북도 청주시 서원구 현도면 죽전길 134-9,043-267-2566,043-267-2577,,,,,,,,활성
주식회사 정스틸,고객업체 (판매),250716-2,정해영,"도소매,부동산업및 임대업","철강재,철강재임대",경기도 화성시 남양읍 주석로80번길 26-42,043-733-7955,043-733-7788,,,,,,,,활성
대영통상,고객업체 (판매),250710-3,허대형,도소매,"베아링및기계부품,철만물물","경상남도 마산시 봉암동 471-11 산업용재백화점 118호,117호",055-291-8624,055-291-8626,,,,,,,,활성
충주호스유니온,고객업체 (판매),250709-1,이정묵외 1명,도소매,"호스, 배관자재,유공압등등",충청북도 충주시 봉현로 46,043-855-9866,043-855-9864,,,,,,,,활성
제이와이산업,매입업체 (구매),,이문성,,,"경기도 안산시 단원구 산단로 325,F-322호(신길동,스마트스퀘어 지식산업센터)",031-491-3135,,,,,,,,,활성
삼성기업사,고객업체 (판매),250708-1,전병익,도소매,"안전용품,철물.잡자재",부산광역시 금정구 무학송로 63,051-512-9921,051-582-2270,,,,,,,,활성
벌교종합상사,고객업체 (판매),,,,,,,,,,,,,,,활성
능주철물,고객업체 (판매),,이영수,,,전남 화순군 능주면 석고길11,061-372-1626,,,,,,,,,활성
스마트레저,고객업체 (판매),,,,,,,,,,,,,,,활성
동일철물,고객업체 (판매),,도동현,"도소매,건설업","건재,일반건축,안전용품",천안시 동남구 목천읍 동평3길 194,041-564-9500,041-564-9400,,,,,,,,활성
대우건재철물공구마트,고객업체 (판매),,강권석,도소매,"건재,안전용품,철물등",경상남도 진주시 진주대로 1201-1(봉곡동),,,,,,,,,,활성
태양철물(유),고객업체 (판매),,,,,,,,,,,,,,,활성
삼성철물 대전,고객업체 (판매),,,,,대전전,,,,,,,,,,활성
동보건재,혼합 (판매+구매),,김흥영,도소매,건축자재,충북 보은군 보은읍 보은로 10-3  1층,043-543-6393,,,,,,,,,활성
세무법인한밭,고객업체 (판매),,,,,,,,,,,,,,,활성
영재건설,고객업체 (판매),,박기종,,,제주시 하광로465 건너편 영재건설,,,,,,,,,,활성
서해종합기계,고객업체 (판매),,,,,충남 태안군 평천길 3-14,041-675-0945,041-675-0946,,,,,,,,활성
성실샷시하늘창,혼합 (판매+구매),250618-1,김선화,도소매,건축자재,전라북도 무주군 무주읍 한풍루로290,063-324-7665,063-323-3539,,,,,,,,활성
태호전기조명,고객업체 (판매),250618,조성인,도소매,"전기,소방재료외",충청남도 공주시 의당면 의당로 291,041-858-0747,041-858-0748,,,,,,,,활성
대성종합테크,고객업체 (판매),,김영주,제조업외,공구볼트,충북 음성군 대소면 대동로 635,,043-882-3931,,,,,,,,활성
두원건재,고객업체 (판매),,,,,,,,,,,,,,,활성
삼진기업,고객업체 (판매),,,,,,,,,,,,,,,활성
(주)성은,고객업체 (판매),250611-1,엄준현,도매및소매외,,충청북도 충주시 행정5길 11(목행동),043-855-2668,0504-332-7649,,,,,,,,활성
손영두알엔비코리아,고객업체 (판매),,,,,,,,,,,,,,,활성
신동호사장,혼합 (판매+구매),,,,,,,,,,,,,,,활성
가덕철물,고객업체 (판매),,,,,,,,,,,,,,,활성
국제철망,고객업체 (판매),,송화옥,"건설업,도소매","휀스시공,인테리어등","충북 청주시 서원구 예체로 68, 112동103호",,,,,,,,,,활성
세양산업(주),고객업체 (판매),,이상훈대표,도소매매,"건축자재,안전용품등등","경기도 김포시 양촌읍 해평로 140-2,가동",1600-0479,0505-231-1000,,,,,,,,활성
오스람전기상사,고객업체 (판매),250530,최광훈,도소매,"전기,철재등",강원도 원주시 북원로 2529(우산동),033-744-0802,033-748-0802,,,,,,,,활성
천재철물상사,고객업체 (판매),,최성수,도소매,일반철물 및 수공구,충남 공주시 중학동205,041-856-0247,,,,,,,,,활성
대성농자재,고객업체 (판매),,전경숙,,,경기도 시흥시 정왕1동 1561-8 303호,,,,,,,,,,활성
주식회사 광주유로폼,고객업체 (판매),250526,박승훈,"제조,도소매",금속조립구조재등등,전라남도 장성군 북일면 신흥로 449,061-394-8272,061-394-8273,,,,,,,,활성
태양건설공구,고객업체 (판매),,김성진,,,충남 부여군 부여읍 가탑리 191-1,041-835-0989,041-837-0989,,,,,,,,활성
현대철물 남원,고객업체 (판매),,,,,,,,,,,,,,,활성
동산철물건재,고객업체 (판매),,권경원,도소매,철물외,충남 논산시 연무읍 안심로220번길 76-13,041-741-0088,,,,,,,,,활성
올농자재,혼합 (판매+구매),,손병필,,,충남 논산시 강경읍 여강로 1315-10,041-745-1144,041-745-2300,,,,,,,,활성
태봉철강,고객업체 (판매),,,,,,,,,,,,,,,활성
대원건축자재백화점,혼합 (판매+구매),,권상인,도소매,건재 철물,경북 문경시 점촌동65-1,,054-552-9860,,,,,,,,활성
삼영공업사,고객업체 (판매),,,,,,,,,,,,,,,활성
대신자원,고객업체 (판매),,,,,,,,,,,,,,,활성
만물상회,고객업체 (판매),,,,,경남 산청군 시천면 사리 남명로 187,,,,,,,,,,활성
형제밧데리,고객업체 (판매),,,,,,,,,,,,,,,활성
신우ENG,고객업체 (판매),250507,박남용,제조,산업기계설비,충청남도 논산시 성동면 논산평야로 443,041-732-8868,041-732-8864,,,,,,,,활성
(주)건영,혼합 (판매+구매),,김윤형,도소매,조립식건축자재,충남 논산시 성동면 원북리 575-4,041-734-4744,041-734-4746,,,,,,,,활성
을지하드웨어,고객업체 (판매),,이두일,도소매,"철,만물,건축자재,철물",서울특별시 강서구 양천로67길 93-9(염창동),02-3662-0990,02-3662-0682,,,,,,,,활성
삼일철강,고객업체 (판매),,정경희,,,"경북. 경산시 펜타힐즈2로 60, 102동 1801호",,,,,,,,,,활성
우리장식철물,고객업체 (판매),,이재규,도매및소매업,인테리어철물,충남 공주시 전막1길16~5(신관동),041-858-0335,,,,,,,,,활성
대성철물,고객업체 (판매),,,,,,,,,,,,,,,활성
남원주조경자재농약마트,고객업체 (판매),,김병기외1명,도매외,농약외,강원도 원주시 북원로 1931(무실동),033-761-3039,033-761-3054,,,,,,,,활성
정읍철공소,고객업체 (판매),,,,,,,,,,,,,,,활성
명일건축철물,고객업체 (판매),,최진우,건설업외,방수공사외,"충남 천안시 서북구 선영5길 2, 2층",,,,,,,,,,활성
학하철물건재,혼합 (판매+구매),250415-1,권선운외1명,소매,철물,대전광역시 유성구 학하동로 57-26 1층(학하동),042-824-0030,,,,,,,,,활성
타일공구 대전점,고객업체 (판매),,허은지,소매업,공구 소매업,"대전광역시 유성구 학하복용로 97,1층101호",070-7685-0909,,,,,,,,,활성
광음철물,고객업체 (판매),,,,,,,,,,,,,,,활성
완주하우스,고객업체 (판매),,,,,,,,,,,,,,,활성
서해배관건재마트,고객업체 (판매),250408-4,정찬교,도소매,"스프링클로,물탱크,모터등",충남 서산시 소탐1로 61 (수석동),041-668-5335,041-681-5290,,,,,,,,활성
세진종합상사,고객업체 (판매),250407,이실경,"도소매,건설업","과학기자재,철물,공구등등",광주광역시 남구 경열로78 (월산동),062-363-7749,062-365-2122,,,,,,,,활성
주영공구,고객업체 (판매),,이소원외1명,도소매,공구,부산광역시 강서구 미음산단로139번길 7,051-972-8909,051-972-8910,,,,,,,,활성
동주상사,고객업체 (판매),,이근희,도매및소매업,건설자재외,충청북도 진천군 이월면 진광로 916-15,031-466-0223,031-448-0223,,,,,,,,활성
장터철물건재,고객업체 (판매),,이병학,"도소매,건설업","철물,건재,안전용품,리모델링",충청남도 태안군 안면읍 장터로 19,,,,,,,,,,활성
신화철물건재,고객업체 (판매),,공덕희,도소매,철물외,경상남도 진주시 신안동 755-8,,,,,,,,,,활성
한농연농자재할인마트,고객업체 (판매),,전종석,도소매,농자재농기계농기구,경상남도 합천군 대양면 동부로 18,055-931-7718,055-931-5275,,,,,,,,활성
두성건재,고객업체 (판매),,,,,,,,,,,,,,,활성
장유건축,고객업체 (판매),,유서운,건설업,조립식.철근콘크리트,전라남도 순천시 해룡면 여순로 1316-12,,,,,,,,,,활성
한국레즈본(다이센),매입업체 (구매),,,,,,,,,,,,,,,활성
(주)한국티엔에이,매입업체 (구매),,,,,,,,,,,,,,,활성
진도PVC,고객업체 (판매),,양동우,도소매,pvc 철물,전남 진도군 진도읍 동외리341,061-542-7714,061-542-7713,,,,,,,,활성
대한환경PVC상사,고객업체 (판매),,김훈기,도소매,"파이프,오수정화조",세종특별자치시 조치원읍 남리 21-7,,044-866-7312,,,,,,,,활성
세영건업 주식회사,고객업체 (판매),,신미진,도소매,"건축자재,공구,안전용품",경상북도 경주시 천북면 천북로67,070-7538-6046,054-749-6046,,,,,,,,활성
공구팩토리,고객업체 (판매),,정샘,도소매,일반철물및 수공구,"경기도 안산시 상록구 월피로 102,301호",031-439-8909,031-439-0985,,,,,,,,활성
현대종합농자재,고객업체 (판매),,,,,,,,,,,,,,,활성
민테크,고객업체 (판매),,이민우,제조,금속가공업,"충북 청주시 서원구 남이면 가좌신송로 9-11,1층(제조업소)",,,,,,,,,,활성
대한철물마트,고객업체 (판매),,황선식,,"해상 선박용품,수공구등",전북 부안군 변산면 격포로 227,063-584-1412,063-584-1412,,,,,,,,활성
캐노픽스,고객업체 (판매),,,,,진주,,,,,,,,,,활성
고향철물,고객업체 (판매),,,,,,,,,,,,,,,활성
리오더웨어하우스주식회사,혼합 (판매+구매),250215,이원만,도소매업,전자제품외,대전광역시 동구 물류로 4,042-716-0988,042-716-0977,,,,,,,,활성
사천하우스,고객업체 (판매),,,,,,,,,,,,,,,활성
영서상사,고객업체 (판매),,이영주,"도소매,건설업","배관자재,건축공사등",강원도 원주시 개운로 107 (개운동),033-731-9000,,,,,,,,,활성
대성자재백화점,고객업체 (판매),250204-1,이원길,도소매,"산업기자재,기타건축자재재",경북 상주시 상산로 31,,,,,,,,,,활성
덕산PVC건재,고객업체 (판매),,황성환,,,충남 예산군 덕산면 읍내리 233-8 덕산PVC,041-338-3894,041-338-3897,,,,,,,,활성
해태상사,고객업체 (판매),,정칠성,도소매,"철관,난방장치및보일러",전남 목포시 용당1동 1091-44(목포농협옆 놀이터 위),061-272-1853,061-272-8196,,,,,,,,활성
다원종합상사,고객업체 (판매),,윤보라,"도소매,제조업","산업기자재,소모품,철강등등","충북 청주시 흥덕구 강내면 서부로 541, 1층",043-232-1241,043-236-4050,,,,,,,,활성
서울금속,고객업체 (판매),,,,,,,,,,,,,,,활성
(주)다원산업,고객업체 (판매),,이재만만,제조업업,환경기계,"경기도 시흥시 협력로 281, 디812호(정왕동)",031-497-0154-5,031-497-0151,,,,,,,,활성
삼일농자재,고객업체 (판매),,,,,,,,,,,,,,,활성
연제철물,고객업체 (판매),,주근순,,,청주시 흥덕구 옥산면 오산가좌로 386,043-235-0097,,,,,,,,,활성
보성종합상사,고객업체 (판매),241224,이한규,도소매,"pvc,상하수도관,토목자재재",전라남도 보성군 보성읍 용문길 67,,,,,,,,,,활성
(주)금강,고객업체 (판매),,,,,,,,,,,,,,,활성
명성건재,고객업체 (판매),,,,,,,,,,,,,,,활성
한중상사,고객업체 (판매),,이종성,도매 및 소매업,,충청남도 서산시 서해로 3425(석림동),041-665-7924,041-664-1134,,,,,,,,비활성
거창종합상사,고객업체 (판매),,김삼중,도소매,"기계공구,철물","충북 청원구 사천로152번가길,1-20",043-213-0989,043-213-0996,,,,,,,,비활성
거성종합철물,고객업체 (판매),,김옥영,소매,철물,"경기도 연천군 전곡읍 전곡로182,1층",,031-833-4646,,,,,,,,비활성
박재환,혼합 (판매+구매),,,,,,,,,,,,,,,비활성
덕성건업,고객업체 (판매),,김래선,"건설,제조,도소매",금속창호구조물업등등,충남 홍성군 홍성읍 내법리 285-78 현광아파트 101동1604호,,070-7395-7683,,,,,,,,비활성
한진에프에스티(FST),고객업체 (판매),,김병수,,,"대전광역시 대덕구 중리남로8번길 119, 101호",,,,,,,,,,비활성
주식회사 금산철강,고객업체 (판매),241128,김화중,"도소매,건설업","철근,형관,각관",충남 금산군 금산읍 인삼로 232,041-754-0468~9,041-754-0460,,,,,,,,비활성
명신철강,혼합 (판매+구매),,이승용,도소매,고철비철,전남 나주시 산포면 송림산제길 167,061-337-2008,061-337-0082,,,,,,,,비활성
무학건재,고객업체 (판매),,,,,,,,,,,,,,,비활성
부용산건재.,고객업체 (판매),241126,김정봉외1명명,도매및소매업,철물외,세종특별자치시 부강면 태산길 37,,044-275-5500,,,,,,,,비활성
서전MJ,혼합 (판매+구매),,남은수,도소매,절다석,경기도 하남시 초이동 322-65번지,02-2686-5171,02-2686-3080,,,,,,,,비활성
농부나라,고객업체 (판매),,,,,,,,,,,,,,,비활성
정안공업,고객업체 (판매),,이옥동동,,,경기도 용신시 처인구 중부대로 2530-1,010-8880-5845,031-333-3679,,,,,,,,비활성
삼원종합전기,혼합 (판매+구매),241118-1,신광호,"도소매,건설","전기자재,안전용품품","부산광역시 남구 유엔평화로10번길 62,  1층",051-623-4042,051-623-4043,,,,,,,,비활성
삼성음향 김도진,고객업체 (판매),,,,,,,,,,,,,,,비활성
금강상사,고객업체 (판매),,김건오,건설업외,조경외,충청북도 진천군 덕산읍 용몽로 55,043-536-9898,043-536-9900,,,,,,,,비활성
부강철물,고객업체 (판매),,천순이,소매업,"철물,공구",대전광역시 대덕구 신탄진로 772-1,,,,,,,,,,비활성
포항종합공구마트,고객업체 (판매),,김옥주,도소매,"자재,공구,산업안전용품",경상북도 포항시 남구 철강로 178,054-286-0925,054-286-0926,,,,,,,,비활성
주식회사 에이치디알에스,고객업체 (판매),241106-1,이철재,제조업전문,산업 처리공정 제어장비 제조업등,"경기도 화성시 동탄대로 706,4층 428호",070-8918-7209,0504-389-9620,,,,,,,,비활성
인주종합상사,고객업체 (판매),241105-2,윤경섭,도소매,"공구,철물,안전용품,건축자재일절",충청남도 아산시 인주면 현대로 1316,041-533-1654,041-534-1654,,,,,,,,비활성
로젠택배 복용,혼합 (판매+구매),,,,,,042-932-1588-0,,,,,,,,,비활성
대신화물(대정영업소),혼합 (판매+구매),,현정환,,입금계좌 농협 256-02-024528 현정환,대전시 유성구 대정동 302-3,070-4313-8582,042-477-3211,,,,,,,,비활성
성도도기타일건재,고객업체 (판매),,한규설,건설외,건축설비외,충북 충주시 중원대로 3453(문화동),043-845-8904,043-851-8904,,,,,,,,비활성
김준홍,고객업체 (판매),,,,,경기도 양평군 읍 충신로 189번길 81,,,,,,,,,,비활성
민영,고객업체 (판매),,유치헌,"제조업 ,도소매","자동화설비제작,유공압기기기","경기도 화성시 향남읍 만년로 151번길 46-40, 2동",070-8864-1225,0504-238-8285,,,,,,,,비활성
용산건재,고객업체 (판매),,정경철,,,충북 영동군 용산면 용산로 361,043-742-8485,043-742-8881,,,,,,,,비활성
논산철거,고객업체 (판매),241030,,,,,,,,,,,,,,비활성
삼성넷,고객업체 (판매),,,,,,,,,,,,,,,비활성
엘림농자재,고객업체 (판매),,,,,충남 태안군 태안읍 서해로 1995,,,,,,,,,,비활성
서산종합배관,고객업체 (판매),,장수혁,도.소매외,철물외,충청남도 서산시 한마음8로 74(석림동),,,,,,,,,,비활성
(주)필텍코리아시스템,고객업체 (판매),,최정숙,"제조,도소매",기계류(필터)등등,"서울특별시 송파구 동남로3길 17-14,3층301호",,,,,,,,,,비활성
탑공구,고객업체 (판매),,최재희,도소매,"절삭공구,기계공구구",경기도 평택시 평택로 281(세교동),031-618-0973,031-618-0974,,,,,,,,비활성
광림안전종합상사,고객업체 (판매),,전영하,도소매,산업안전용품,"대전시 중구 문화로 130, 1층 (문화동)",042-522-8240,042-522-8241,,,,,,,,비활성
정읍철거,고객업체 (판매),,,,,,,,,,,,,,,비활성
산동건철,고객업체 (판매),,이수정,,,충남 아산시 음봉면 음봉봉로 811,041-534-7780,041-532-3634,,,,,,,,비활성
경남창호자재,고객업체 (판매),,박신영,,,경남 진주시 강남로297번길 6,055-758-0778,055-762-3870,,,,,,,,비활성
신화국제무역,고객업체 (판매),,김정연,도소매,무역업,"인천광역시 서구 보도진로 102,1층(가좌동)",032-574-5746~7,032-574-5748,,,,,,,,비활성
부흥상회,고객업체 (판매),,,,,,,,,,,,,,,비활성
안면건축,고객업체 (판매),,,,,,,,,,,,,,,비활성
한성철물,고객업체 (판매),,,,,전남 장흥군 관산읍 관산로 94-1,,,,,,,,,,비활성
제이케이(JK)종합상사,고객업체 (판매),240919-2,조성기,도.소매외,"철물,잡철물외",대전시 유성구 학하복용서로 78,042-825-0945,042-823-0945,,,,,,,,비활성
명신철물마트,고객업체 (판매),,김인호외2명,도소매,철물,충청남도 공주시 쌍신길 88(쌍신동),,041-858-2989,,,,,,,,비활성
상동자원,고객업체 (판매),,,,,,,,,,,,,,,비활성
영진건재(장흥),고객업체 (판매),,박종윤,,,전남 장흥군 장흥읍 남부관광로 89,,,,,,,,,,비활성
일진종합상사,고객업체 (판매),,권기수,도소매,"자동용접기판매,일반철물등등","충북 청주시 흥덕구 봉명로 58,1층 101호(복대동)",043-267-7148,043-264-7148,,,,,,,,비활성
(주)삼선,고객업체 (판매),,김정미,도소매,건축자재,"충북 청주시 흥덕구 강내면 태성탑연로90, 나동1층",043-233-3082,043-233-3081,,,,,,,,비활성
(주)충남애,매입업체 (구매),,조성미,도매및소매업,도료자동차부품연마지,대전광역시 대덕구 아리랑로114번길 1-2,042-635-9977,042-635-9933,,,,,,,,비활성
태평양희현유통,매입업체 (구매),,김용범,도소매,"세제류,건강식품",대전시 동구 우암로 240 (가양동),042-636-6655,,,,,,,,,비활성
광성공업,고객업체 (판매),,,,,,,,,,,,,,,비활성
경기방화문,고객업체 (판매),,,,,,,,,,,,,,,비활성
서하,고객업체 (판매),,,,,,,,,,,,,,,비활성
강원툴,혼합 (판매+구매),,배기범,도소매,기계공구,강원도 홍천군 홍천읍 진삼거리길 31,033-432-0989,033-432-0949,,,,,,,,비활성
하동 일성철물,고객업체 (판매),,,,,,,,,,,,,,,비활성
경기철물,고객업체 (판매),,,,,,,,,,,,,,,비활성
주식회사 광명종합상사,고객업체 (판매),,최우중,도소매,"농자재,철물,산업안전용품",강원도 원주시 소초면 치악로 2902,033-731-0372,033-731-0386,,,,,,,,비활성
더 이룸,고객업체 (판매),,,,,,,,,,,,,,,비활성
혜성기업,혼합 (판매+구매),,황정일,,,부산시 사상구 낙동대로 1062번길 45,051-907-5551,051-327-3331,,,,,,,,비활성
우남농자재,고객업체 (판매),,,,,,,,,,,,,,,비활성
명성철강,고객업체 (판매),,,,,,,,,,,,,,,비활성
(주)극동건재철강상사,고객업체 (판매),,,,,충남 논산시 대교동 86-1,041-735-2421,041-735-4537,,,,,,,,비활성
남면철물,고객업체 (판매),,,,,,,,,,,,,,,비활성
금성철물(금산),고객업체 (판매),,오민철,,,충남 금산군 추부면 마전리 456,,,,,,,,,,비활성
우성종합상사,고객업체 (판매),,전용기,도소매,안전용품외,강원도 동해시 발한로 208-2(발한동),033-535-7999,033-531-6211,,,,,,,,비활성
더좋은어닝,고객업체 (판매),,김원기,,,,,,,,,,,,,비활성
광재스텐,고객업체 (판매),,배정현,,"벤딩,스텐대문,난간대등",충남 논산시 강변로176번길 (부창동 409-7),041-735-1555,041-735-1556,,,,,,,,비활성
구일공구철물,고객업체 (판매),,이용회,도소매,"철물,안전용품",경상북도 영주시 선비로 144(휴천동),054-635-9109,054-637-9109,,,,,,,,비활성
성진종합철물건재,고객업체 (판매),,김만영,도매및상품중개업외,일반철물및수공구외,충청북도 청주시 서원구 2순환로 1479-1(죽림동),043-286-0481,043-286-0489,,,,,,,,비활성
대성건재건축자재,고객업체 (판매),,,,,경남 통영시 도천5길 45,055-646-6524,055-646-6522,,,,,,,,비활성
하나공구,고객업체 (판매),240523-1,김종호,"도소매,제조업","공구및철물,안전용품등","전북 군산시 가도로 21, 101호-103호(오식도동)",063-443-0982,063-442-0982,,,,,,,,비활성
대림유압공구,고객업체 (판매),,이영욱,,유압호스제작,경북 안동시 안기천로 53(태화동),054-843-0905,054-843-0906,,,,,,,,비활성
영양건축자재백화점,고객업체 (판매),,유명화,도소매,"철물,건재,안전용품",경북 영양군 영양읍 서부리 247-21,054-682-6622,054-682-6623,,,,,,,,비활성
안동장갑안전,고객업체 (판매),,이미순,"도매,건설",일반철물및 수공구,경상북도 안동시 태화중앙로 79(태화동),054-852-9160,054-857-6068,,,,,,,,비활성
대흥,고객업체 (판매),,김영옥,도소매,"철물,안전,전기,건설자재재",경상북도 안동시 충효로 4433,054-841-0903,,,,,,,,,비활성
믿음철물,고객업체 (판매),240520,연제후,도소매외,철물외,강원도 원주시 단계동 910-14,033-748-3522,033-745-1041,,,,,,,,비활성
연산종합건재,고객업체 (판매),,김상섭,,,충남 논산시 연산면 신암길 11,041-736-2488,041-736-2489,,,,,,,,비활성
농업회사법인주식회사 진향,고객업체 (판매),,안병옥,"제조,건설 도소매","철물구조,비닐,온실하우스시공등등","전라남도 보성군 보성읍 현충로 107, 3층",061-853-8880,0504-0007-9910,,,,,,,,비활성
평양철물,고객업체 (판매),,김윤배,소매업,철물,강원도 양구군 양구읍 해시계로 18,033-481-2345,,,,,,,,,비활성
진품건축자재,고객업체 (판매),240511,박병욱,도소매,"목재,건재,철물등",경남 거창군 거창읍 수남로 2247,055-945-1707,055-945-1709,,,,,,,,비활성
주식회사서종인더스,고객업체 (판매),240509-2,이문수,도소매,그외기타 건축자재 도매업,"서울특별시 동대문구 청계천로 425,611호",02-2235-3044,02-2235-3046,,,,,,,,비활성
효성종합건재,고객업체 (판매),,김은옥,,,충남 홍성군 홍북읍 상하리 19-25,041-631-3313,041-634-4400,,,,,,,,비활성
서울볼트철물,고객업체 (판매),,임용기,도매및소매업,"볼트,철물외",세종특별자치시 금남면 용포로 43,,,,,,,,,,비활성
국제철물상사,고객업체 (판매),,김명식,"도,소매",건축자재외,충청남도 금산군 금산읍 금산로 1501,041-752-5351,041-751-3125,,,,,,,,비활성
덕유철물,고객업체 (판매),240426,이정제,도소매,"건축자재,안전용품",전북 무주군 설천면 구천동로 964,,,,,,,,,,비활성
명신철물건재,고객업체 (판매),,,,,,,,,,,,,,,비활성
신양철물건재,고객업체 (판매),,박재환,,철물일체,충남 예산군 신양면 청신로 352,041-332-7856,,,,,,,,,비활성
신광철물 유영찬,고객업체 (판매),,,,,,,,,,,,,,,비활성
다원,고객업체 (판매),,조경환,도소매,산업기자재 소모품,"충북 청주시 흥덕구 강내면 서부로541,1층 101호",043-232-1241,043-236-4050,,,,,,,,비활성
대전수도상사,혼합 (판매+구매),240418,김진원,도소매,"철물,배관자재,보일러","대전시 서구 변동로 14,1층",,,,,,,,,,비활성
(주)태진산업,고객업체 (판매),,박민영,도소매,"철만물,기계공구",광주광역시 광산구 사암로 734(도천동),062-959-0989,062-953-1211,,,,,,,,비활성
천의철물,고객업체 (판매),,백종수,,,충남 당진시 정미면4.4만세로  707,041-353-2036,,,,,,,,,비활성
미성건재,고객업체 (판매),,,,,충남 서산산,,,,,,,,,,비활성
한솔건재,고객업체 (판매),,,,,공주 유구,,,,,,,,,,비활성
금진건축자재백화점,고객업체 (판매),240403,윤일구,"도소매,건설","건축자재,실내장식등","경남 진주시 남강로 689, 1층",055-744-1238,055-744-1218,,,,,,,,비활성
금호농자재,고객업체 (판매),,,,,,,,,,,,,,,비활성
세종장군공구,고객업체 (판매),,김종석,,"공구,철물,원예공구",세종시 장군면 장기초교길80,,,,,,,,,,비활성
예민건설산업,고객업체 (판매),,,,,,,,,,,,,,,비활성
신우종합건재상사,고객업체 (판매),,윤성진,"도,소매",건축자재판매,충청남도 청양군 비봉면 충절로 1606-3,041-944-0555,041-944-0551,,,,,,,,비활성
한솔만물상,고객업체 (판매),,김강식,도매및소매업,종합자재,경상북도 문경시 경서로 162(점촌동),054-553-1202,054-553-9966,,,,,,,,비활성
은성기계,고객업체 (판매),,,,,충남 태안군 태안읍 원이로 59,,,,,,,,,,비활성
문화건재,고객업체 (판매),,,,,,,,,,,,,,,비활성
삼봉철물점,고객업체 (판매),,김원곤,,,전북 완주군 삼례읍 왕궁로 27,063-291-6034,,,,,,,,,비활성
대흥농기구,고객업체 (판매),,김동균,,,"충남 금산군 금산읍 인삼로 174,1층101호",,,,,,,,,,비활성
대동종합모터,고객업체 (판매),,,,,전남 함평군 대동면 학동로 449,,,,,,,,,,비활성
티롤릿 이다훈,혼합 (판매+구매),,,,,,,,,,,,,,,비활성
대륙종합건재,고객업체 (판매),240226,이재욱,도소매업,건축자재및안전용품,충청북도 청주시 흥덕구 오송읍 봉산2길 31-1,043-293-2989,043-293-4298,,,,,,,,비활성
화신공구,고객업체 (판매),240222,허천욱,도소매매,"철물,공구구",전라북도 익산시 인화동1가 203,063-843-3569,063-843-1970,,,,,,,,비활성
일등공구,고객업체 (판매),,이미경,도소매.제조,기계부품 공구 일반철물,"대구광역시 달서구 성서서로36길 5-4,103호(갈산동)",053-581-0093,053-582-0093,,,,,,,,비활성
지원에스티,고객업체 (판매),,박성일,도소매매,"연마재,철물및공구 통신판매매","부산광역시 강서구 유통단지1로50, 214동106호",051-914-2027,051-914-2028,,,,,,,,비활성
엔케이엠알오,고객업체 (판매),,김재욱,도소매,"산업기자재,사무,전산용품","서욱특별시 강남구 삼성로 648,4층",,,,,,,,,,비활성
대흥철물(유),고객업체 (판매),,,,,,,,,,,,,,,비활성
마로현자원,고객업체 (판매),,,,,,,,,,,,,,,비활성
(주)제일연마영남영업소,고객업체 (판매),,김지연,도소매,"연마석,연마지등",부산광역시 사상구 괘감로37 산업용품상사 15동118호,051-319-2960,051-319-2961,,,,,,,,비활성
삼성공업,고객업체 (판매),,,,,,,,,,,,,,,비활성
(주)삼성종합상사,고객업체 (판매),,박일병,도소매,"철물,건축자재","충남 아산시 탕정면 탕정면로 141-6,1층",041-541-8788,041-544-5464,,,,,,,,비활성
북면건설,고객업체 (판매),,,,,,,,,,,,,,,비활성
명창종합상사,고객업체 (판매),,임수환,도소매,"전동공구,철물,안전용품",대전광역시 대덕구 한밭대로 1011,042-626-9240,,,,,,,,,비활성
오성자원,고객업체 (판매),240111-6,김민수,도소매,"고철,비철",전라북도 익산시 오산면 장신리 121-1,,,,,,,,,,비활성
영진철물전기,고객업체 (판매),,김칠성,소매업,철물,대전광역시 유성구 관평동 1126,042-625-3962,042-936-3962,,,,,,,,비활성
행복종합상사 주식회사,고객업체 (판매),240108,이병학,도매,공구철물건재,세종특별자치시 조치원읍 허만석로 21,044-867-0094,044-867-0097,,,,,,,,비활성
일광기연,고객업체 (판매),,최홍석,도매업,연마지석다이아몬드공구,서울시 구로구 구로중앙로 197 4동 1층 117호,,,,,,,,,,비활성
한국상사,고객업체 (판매),,노순이,도소매매,안전용품등,"대전광역시 유성구 유성대로730번길 24, 23호",,,,,,,,,,비활성
대신산업,혼합 (판매+구매),,임환호,도소매,안전용품,전남 나주시 산포면 산남로 73,061-334-0369,061-334-0370,,,,,,,,비활성
유영찬제일철물,고객업체 (판매),,,,,전남 여수시 교동시장4길 3-1,061-662-1926,,,,,,,,,비활성
삼호산업,고객업체 (판매),,,,,,,,,,,,,,,비활성
주식회사환영엘케이,고객업체 (판매),,이종은,도매및소매업,그외기타건축자재도매업,경기도 안성시 일죽면 금일로 473-1,,,,,,,,,,비활성
(주)리오통상,고객업체 (판매),,이효식,도매및소매업,건축자재외,광주광역시 서구 하남대로 550번길 19-34,062-513-4523,062-713-5325,,,,,,,,비활성
미래공구주식회사 평택지점,고객업체 (판매),231215-3,김영인,도소매업,공구류및 산업용소모자재,경기도 평택시 지제동 692-9,031-651-0984~5,031-651-0988,,,,,,,,비활성
삼성음향,고객업체 (판매),,,,,,,,,,,,,,,비활성
최성환,고객업체 (판매),,,,,,,,,,,,,,,비활성
대영종합상사,고객업체 (판매),,주경순,도매업외,철물외,충청남도 공주시 신관로 67(신관동,,,,,,,,,,비활성
지붕나라(최안준),고객업체 (판매),,,,,,,,,,,,,,,비활성
(주)비에스텍,고객업체 (판매),,공태후,,,경북 경주시 천북면 오야리 천북지방산업단지 8블럭 비동,054-705-0108,054-705-0103,,,,,,,,비활성
주식회사 신성지엠씨,고객업체 (판매),,유회천,도소매매,"배관자재,피브이씨등등","서울특별시 동대문구 제기로67,301호",02-2232-5840,02-2232-5845,,,,,,,,비활성
김호섭,고객업체 (판매),,김호섭,,,경북 김천시 평화 후생2길 15 해뜨는집 202호,,,,,,,,,,비활성
신양철물,고객업체 (판매),,,,,,,,,,,,,,,비활성
김관수,혼합 (판매+구매),231127-2,김관수,"건설,도소매",조경공사,경남 김해시 진영읍 진영리 384-10 동림빌라 D동302호,,0504-384-8662,,,,,,,,비활성
성동물산,고객업체 (판매),,,,,,,,,,,,,,,비활성
대한용점플랜트,고객업체 (판매),,,,,,,,,,,,,,,비활성
주식회사 센트럴샵워시,고객업체 (판매),231117,조정영,"제조,건설,도소매매","세차장비,철구조물등",대전광역시 서구 복수동 858,,,,,,,,,,비활성
신화산업공구,고객업체 (판매),231115,노병대,소매업,"철물,안전",경남 진주시 진양호로293번길 11(신안동),,,,,,,,,,비활성
명주철물상사,고객업체 (판매),231110-2,유명숙,도소매,철물,강원도 동해시 묵호진동 95-6 1층,033-533-2578,033-533-0905,,,,,,,,비활성
럭키PVC배관,고객업체 (판매),231108,김대근,도매업외,자기타일외,"전라북도 정읍시 서부산업도로 352(연지동, 럭키PVC상사)",063-537-0633,063-538-047,,,,,,,,비활성
석문종합철물공구안전,혼합 (판매+구매),,강광희,도소매,공구외,충남 당진시 석문면 보덕포로 994-4,041-356-8986,041-356-8985,,,,,,,,비활성
한밭안전산업 주식회사,고객업체 (판매),,지영복,,,대전광역시 동구 대전천북로 58(삼성동),042-636-8811,042-636-8812,,,,,,,,비활성
(주)현대EGI,혼합 (판매+구매),,,,,대전광역시 동구 하소동 425-1,042-273-2263,042-273-2264,,,,,,,,비활성
쿠팡,고객업체 (판매),,이실경,,,광주광역시 남구 경열로78 세진종합철물,,,,,,,,,,비활성
송바람,고객업체 (판매),,,,,,,,,,,,,,,비활성
미래농업(남원),고객업체 (판매),,,,,,,,,,,,,,,비활성
삼영건재,고객업체 (판매),,,,,,,,,,,,,,,비활성
섬거철물,고객업체 (판매),,,,,,,,,,,,,,,비활성
형제공업사,고객업체 (판매),,,,,,,,,,,,,,,비활성
영양철물만돌이,고객업체 (판매),,,,,경북 영양군 영양읍 석영로1422,054-683-3252,054-683-3253,,,,,,,,비활성
유창공구,고객업체 (판매),,조동환,,,충남 논산시 강변로308번길 10,041-980-1571,,,,,,,,,비활성
주식회사한들아그로,고객업체 (판매),231016,백운선,도소매업,농약,전라남도 장흥군 장흥읍 평화우산길 13-5,,061-864-6338,,,,,,,,비활성
내방,고객업체 (판매),,,,,,,,,,,,,,,비활성
최한성,고객업체 (판매),,,,,,,,,,,,,,,비활성
(주)신탄공구종합상사,고객업체 (판매),,정기형,도소매,"공구,기구","대전광역시 대덕구 덕암로 238, 1층",042-932-0215,042-32-6215,,,,,,,,비활성
연무종합상사,고객업체 (판매),,이돈광,도매및소매업,유압호스,충남 논산시 연무읍 안심로 7-1,,,,,,,,,,비활성
태성건업,고객업체 (판매),,,,,,,,,,,,,,,비활성
한일종합건재상사,고객업체 (판매),,,,,충남 당진시 송산로 92,041-356-3612,041-356-3898,,,,,,,,비활성
컴장부,매입업체 (구매),,남기문,,,,,,,,,,,,,비활성
태평양철강,고객업체 (판매),230913-2,박성혁,"제조,도소매","금속구조물,철강류",1.강원도 속초시 영랑로4길 13 (영랑동) 2.속초시 대포동 947,033-635-6095,033-633-5127,,,,,,,,비활성
보절철물,고객업체 (판매),,,,,,,,,,,,,,,비활성
주식회사 동화기업,고객업체 (판매),230902,조용규,건설업,금속구조물창호,"충북 음성군 음성읍 예술로 11, 2층",043-872-0477,043-872-0377,,,,,,,,비활성
JK인터내셔널,혼합 (판매+구매),,조영관 외 1인,도소매외,,경기도 파주시 산남로231번가길 40-36(산남동),031-942-2926,031-8039-4460,,,,,,,,비활성
용전철물,고객업체 (판매),,,,,충남 예산군 고덕면 고덕중앙로 92,041-337-9788,041-337-9789,,,,,,,,비활성
광동기업사,고객업체 (판매),230825-1,지용현,소매,난방장치및보일러,충남 논산시 반월동 199-32,,,,,,,,,,비활성
(주)동신툴피아,매입업체 (구매),,,,,충청북도 청주시 청원군 오창읍 듀릉유리로113(심재리5-4),043-714-3579,043-218-8380,,,,,,,,비활성
삼원이앤씨(E&C),고객업체 (판매),,신광호,"도소매,건설업","전기자재,건설하도급,공구등등","부산광역시 남구 유엔평화화로10번길 62, 1층(대연동)",051-623-4042,051-623-4043,,,,,,,,비활성
박형수철거,고객업체 (판매),,,,,,,,,,,,,,,비활성
진 종합건축,고객업체 (판매),,,,,,,,,,,,,,,비활성
검정하우스,고객업체 (판매),,,,,,,,,,,,,,,비활성
우진종합상사,고객업체 (판매),230725-4,배진호,도소매,"공구,안전용품,전기자재등","대전시 대덕구 오정로89번길1,1층 102호",042-622-7076,042-622-7075,,,,,,,,비활성
삼보건재,고객업체 (판매),,,,,,,,,,,,,,,비활성
(유)진안 피브이씨 자재백화점,고객업체 (판매),,이성용,도소매,철물 기계공구,전북 진안군 진안읍 진장로  51-9,,,,,,,,,,비활성
대진종합철물건재,혼합 (판매+구매),,김연옥,도소매,건재 철물,충남 공주시 공주대학로 23-25. 1층(신관동),,,,,,,,,,비활성
신용공구,고객업체 (판매),,오선택,"도소매,제조업","공구,수공구,기계공구",경기도 부천시 소사구 경인로21(송내동 나동3호),032-651-9192,032-662-0945,,,,,,,,비활성
럭키종합건재,고객업체 (판매),,양천주,소매업,"철물,안전용품",전라북도 장수군 장수읍 장천로 254-3,063-351-5267,,,,,,,,,비활성
장계건재,혼합 (판매+구매),,박정순,,,전북 장수군 장계면 백화로 25,063-351-7200,,,,,,,,,비활성
돌산철물,고객업체 (판매),,,,,,,,,,,,,,,비활성
형제철물 유영찬,고객업체 (판매),,,,,,,,,,,,,,,비활성
성진배관,고객업체 (판매),,,,,,,,,,,,,,,비활성
금강하우징,고객업체 (판매),,변강수외1명,소매업외,철물외,대전광역시 대덕구 대청로 26(신탄진동),042-932-3566,042-931-6040,,,,,,,,비활성
한일농공,고객업체 (판매),,,,,,,,,,,,,,,비활성
명성건축,고객업체 (판매),,서우윤,건설업,건물및 구축물 해체공사업,"울산광역시 남구 중앙로 284,2층 (신정동)",,,,,,,,,,비활성
나루종합상사,고객업체 (판매),,김효정,도매및소매업,산업안전용품외,충청남도 당진시 송악읍 북부산업로 1050,041-970-7042,041-970-7041,,,,,,,,비활성
서부현대철물건재,고객업체 (판매),,민병춘,,,충남 홍성군 서부면 서부로 534,041-634-6270,,,,,,,,,비활성
금강데코조명,고객업체 (판매),230502,윤종규,도매및소매업,건축자재,충청남도 홍성군 홍성읍 충서로1301번길 28,,,,,,,,,,비활성
건영공구철물,고객업체 (판매),230428-1,황상원,소매,"철물,건재",경기도 파주시 검산로 2(검산동),031-944-8509,031-944-8609,,,,,,,,비활성
더이룸하우스,고객업체 (판매),,,,,,,,,,,,,,,비활성
신화종합상사,고객업체 (판매),,양진명,도소매,건축자재,충남 태안군 태안읍 동백로 346,041-674-9409,041-674-9408,,,,,,,,비활성
수안보철물,고객업체 (판매),,,,,,,,,,,,,,,비활성
대일포장방수,고객업체 (판매),,전상중,,,충남 홍성군 홍성읍 옥암리 21-1,041-632-0795,041-633-0795,,,,,,,,비활성
형제철물,혼합 (판매+구매),,,,,충북 청주시 상당구 미원면 미원시내1길 13,043-288-4506,043-287-4506,,,,,,,,비활성
금강하우스,고객업체 (판매),,,,,,,,,,,,,,,비활성
경진공구,혼합 (판매+구매),,김순영,도소매,철물,대전광역시 대덕구 대화로 160 15동 1층 114호,,,,,,,,,,비활성
보광샷시,고객업체 (판매),,,,,,,,,,,,,,,비활성
제일특수연마,혼합 (판매+구매),,황근규,,연마재총판,"부산광역시 사상구 광장로56번길 67,109호 (괘법동, 청마마이우스)",051-316-3211,051-312-3212,,,,,,,,비활성
대덕셀프(센트럴샾 세차타운),고객업체 (판매),,조정영,수리및 기타 개인서비스,자동차세차,대전광역시 서구 혜천로 24,,,,,,,,,,비활성
삼영유리,고객업체 (판매),,,,,,,,,,,,,,,비활성
주식회사 대정써포트,고객업체 (판매),,고대성,도소매,반도체관련제품,"경기도 안양시 동안구 엘에스로116번길 25-32,지하1층110호",031-360-0987,031-360-8577,,,,,,,,비활성
유일공구자재,고객업체 (판매),,박상진,,,경북 문경시 산양면 경서로 457,054-553-5533,054-555-0118,,,,,,,,비활성
모두다농자재,고객업체 (판매),,,,,,,,,,,,,,,비활성
주식회사 우경티앤씨,고객업체 (판매),,이대형,제조업,비철금속등,경기도 남양주시 양정로64(일패동),031-595-4861,031-595-4863,,,,,,,,비활성
(주)서보,고객업체 (판매),,김철,"도매,제조조","일반철물,기계제작등등",충남 태안군 원북면 발전로 83,041-674-0246,041-674-0245,,,,,,,,비활성
성진종합배관철물,고객업체 (판매),,,,,홍성,,,,,,,,,,비활성
국제그린빌드,고객업체 (판매),,이운형,,,충남 홍성군 홍성읍 충절로 773,041-631-6241,041-631-8253,,,,,,,,비활성
대성종합건재상사,고객업체 (판매),,이재욱,,,경북 안동시 대안로 36,054-852-2565,054-852-2956,,,,,,,,비활성
세림산업,고객업체 (판매),,,,,진천천,,,,,,,,,,비활성
태성에스피,고객업체 (판매),,정명준,"제조업,도소매","선박용부자재,산업용품부자재등등",포항시 남구 오천읍 문덕로 23번길 24-4,054-292-0497,054-292-0498,,,,,,,,비활성
동양강철,고객업체 (판매),,,,,,,,,,,,,,,비활성
대풍상사,고객업체 (판매),,최종운,,,충남 금산군 금산읍 비단로  173,,,,,,,,,,비활성
한국자원,고객업체 (판매),,,,,,,,,,,,,,,비활성
주식회사 광주배관,고객업체 (판매),,고재훈,"도소매,제조","배관자재,철물,기계공구",경기도 광주시 장지7길 3 (장지동),031-769-3737,031-768-3565,,,,,,,,비활성
(주)산동건철산업,혼합 (판매+구매),,이일주,도매외,건설공구외,충청남도 아산시 음봉면 음봉로 811,041-531-7780,041-532-3634,,,,,,,,비활성
논산자원,고객업체 (판매),,,,,,,,,,,,,,,비활성
(주)현대연마,매입업체 (구매),,신영완,도매,"연마제,환경안전제품",광주 북구 양산동 209-212,062-573-6867,062-572-6867,,,,,,,,비활성
성진전기철물,고객업체 (판매),,,,,경남 진주시 초전동 839-8,,,,,,,,,,비활성
바보철물,고객업체 (판매),,,,,,,,,,,,,,,비활성
장계철물건재상사,고객업체 (판매),,신재철,,각종철물PVC등,"전북 장수군 장계면,리 441-7",063-352-1391,,,,,,,,,비활성
거상철물,고객업체 (판매),,,,,경남 의령군 의령읍 의병로 205,055-573-7555,055-573-7556,,,,,,,,비활성
대명정밀,고객업체 (판매),,,,,,,,,,,,,,,비활성
금성철물,고객업체 (판매),,류근목,소매,철물,세종시 금남면 용포리  101,,,,,,,,,,비활성
일신철물,고객업체 (판매),,,,,,,,,,,,,,,비활성
정동철물건재,고객업체 (판매),,김근형,,,경북 군위군 군위읍 중앙길 135,054-383-2610,054-383-2611,,,,,,,,비활성
구로종합기계공구,혼합 (판매+구매),,이재규,,,대전광역시 서구 가수원동 764-2번지,042-538-0945,042-321-0849,,,,,,,,비활성
툴홀릭,매입업체 (구매),,김성찬,,,경기도 성남시 중원구 사기막골로 124 SKn테크노파크 비즈센터 704호,031-776-0987,031-776-0985,,,,,,,,비활성
구리(주)신흥이앤씨,고객업체 (판매),,박철용,,,경기도 구리시 사노동 400-10,031-575-5191,031-575-5196,,,,,,,,비활성
대경안전,고객업체 (판매),,,,,보령,,,,,,,,,,비활성
예당공구철물,고객업체 (판매),,최호섭,도소매,"호스,앵글외",충청남도 예산군 예산읍 충서로 812,,,,,,,,,,비활성
물탕철물건재,고객업체 (판매),,,,,충남 아산시 고도면 기곡로84번길 21-1,041-543-6824,041-542-6177,,,,,,,,비활성
금성공구마트,고객업체 (판매),,유현희외 1명,도매및소매,철물,세종특별자치시 금남면 용포로 97-7,044-863-6554,044-864-6552,,,,,,,,비활성
주식회사 하이메탈,고객업체 (판매),,김형호,도소매매,"고철, 비철금속",경기도 김포시 대곶면 대곶남로 354,031-986-4217,031-989-4217,,,,,,,,비활성
경남캐노픽스,고객업체 (판매),221221,권유비,제조업,"차양,금속구조물등등",경상남도 진주시 명석면 우수리 195-2,,,,,,,,,,비활성
이가철물,고객업체 (판매),,김은우,도매입소매,"철물,전기자재외","대전광역시 유성구 계룡로16번길 97, 1층 101호",042-532-1101,042-532-1102,,,,,,,,비활성
극동산업,고객업체 (판매),,,,,전북 진안군 진안읍 진무로 1210번지,063-433-0978,063-433-0979,,,,,,,,비활성
세신철물,고객업체 (판매),,,,,,,,,,,,,,,비활성
만복철물자재상사,고객업체 (판매),,김경숙,도소매,철물건자재,경남 통영시 원문로 37-40,055-644-1410,055-644-9599,,,,,,,,비활성
현대철물(줄포),고객업체 (판매),,,,,전북 부안군 줄포면면,,,,,,,,,,비활성
동일철물 아산,고객업체 (판매),,김태용,도소매,철물,충남 아산시 배방읍 갈산교로 72-6,041-548-7206,,,,,,,,,비활성
리오,고객업체 (판매),,,,,,,,,,,,,,,비활성
병수,고객업체 (판매),,,,,,,,,,,,,,,비활성
동양샤시,고객업체 (판매),,,,,,,,,,,,,,,비활성
와이에스(Y.es),고객업체 (판매),221201-1,,도매 잋 소매업,엔지니어링(토목),"경기도 용인시 기흥구 흥덕2로87번길 18 .B동 4층 456호(영덕동,이씨티)",,,,,,,,,,비활성
현대농자재마트,고객업체 (판매),,박재운외2명,도소매,"농약,농자재등등",충남 태안군 태안읍 인평길 117,,,,,,,,,,비활성
장우,고객업체 (판매),,,,,강원도 횡성군 둔내면 경강로 화동3길 33,,,,,,,,,,비활성
주식회사 이성특수중량,고객업체 (판매),,이승우,"서비스업,제조업등",장비이전등,청북 청주시 청원구 오창읍 신평중신길 39-25,043-287-1556,043-287-1555,,,,,,,,비활성
이지트러스트,고객업체 (판매),,추보빈,,,"서울특별시 구로구 디지털로 288,1212호(구로동,대륭포스트타워1차)",,,,,,,,,,비활성
가온렌탈공구,고객업체 (판매),,,,,경북 구미시 선산읍 선상서로 85,,,,,,,,,,비활성
유명철물,고객업체 (판매),,,,,,,,,,,,,,,비활성
엠케이종합산업,고객업체 (판매),221119,신문균,"도,소매외",철물외,충남 보령시 옥마로 442(화산동),,,,,,,,,,비활성
한빛철물마트,고객업체 (판매),,,,,경기도 고양시 덕양구 화신로234 백양빌딩1층 한빛철물마트,031-979-8297,,,,,,,,,비활성
완주 김영수,고객업체 (판매),,,,,,,,,,,,,,,비활성
대상건재.공구.안전,고객업체 (판매),,이용일,도소매,"철물,안전용품,수공구","충남 아산시 음봉면 음봉로 505-9,1호",,070-8720-3088,,,,,,,,비활성
명진자원,고객업체 (판매),,,,,,,,,,,,,,,비활성
모아상사,고객업체 (판매),221108-6,이주협,도소매매,"장갑,산업용품,안전용품품",충남 천안시 서북구 성거읍 모전1길 171-1,041-555-0319,041-555-0326,,,,,,,,비활성
전부다모아고물상,고객업체 (판매),,신동현현,,,경남 진주시 집현면 진산로 927,010-7737-6689,,,,,,,,,비활성
두리공구철물,고객업체 (판매),,유연식,도소매,공구 철물,강원도 원주시 석지1길 6,,,,,,,,,,비활성
대륙상사.,혼합 (판매+구매),,최정훈,소매업,"공구,철물",충남 금산군 금산읍 인삼로220,041-751-0966,,,,,,,,,비활성
가진현 사장님,고객업체 (판매),,,,,충남 태안군 태안읍 동문7길20 주공(아)102동704호호,,,,,,,,,,비활성
주원금속철물상사,고객업체 (판매),221028,강병권,제조업외,건축용자재외,충북 청주시 청원구 오창읍 팔결로 410,043-218-9998,043-218-2589,,,,,,,,비활성
다몬플러스,혼합 (판매+구매),,,,,,,,,,,,,,,비활성
(주)현대공조엔지니어링,고객업체 (판매),221027-3,강동구,제조업,공조설비,대전시 동구 판암로 75(판암동),,,,,,,,,,비활성
영광샤시,고객업체 (판매),,,,,,,,,,,,,,,비활성
(주)이우이엔지,고객업체 (판매),,,,,,,,,,,,,,,비활성
남향건재,혼합 (판매+구매),,안순덕,도소매업,건축자재,인천광역시 남동구 앵고개로 681(고잔동),032-446-7474,032-446-5930,,,,,,,,비활성
선농테크,고객업체 (판매),,홍진기,,"무인방제기,관비,관수시설등등",청주시 청원구 내수읍 은곡길 127-19,043-216-1134,043-218-1134,,,,,,,,비활성
희망농기계 남부총판,고객업체 (판매),,문기광광,,,광주 광산구 평동산단 7번로 92,,,,,,,,,,비활성
이메진하우스,고객업체 (판매),221011-2,설혜원,"건설,제조,소매매","실내인테리어,건축,금속창호등등",강원도 동해시 발한로 549 (초구동 1-1번지),033-535-0117,033-535-0141,,,,,,,,비활성
(주)한공건설,고객업체 (판매),,박대호,"건설,제조조",기계설비공사업업,울산광역시 울주군 청량읍 처용산업로 243-8,052-227-5890,052-227-5891,,,,,,,,비활성
제이엠코리아,고객업체 (판매),,윤종민,,,강원도 원주시 흥업면 사제로 209,,0504-081-7779,,,,,,,,비활성
연무농자재,고객업체 (판매),,김선식,,,경북 상주시 신봉동 483-3  3/1,,,,,,,,,,비활성
삼영정비,고객업체 (판매),,,,,,,,,,,,,,,비활성
충남설비,고객업체 (판매),220914,김영만,,,충남 논산시 시민로319번길 5-6(취암동),041-733-4398~9,041-736-8400,,,,,,,,비활성
원일상사,고객업체 (판매),,,,,,,,,,,,,,,비활성
일죽건재,고객업체 (판매),,,,,경기도 안성시 일죽면 하동길 25-2,,,,,,,,,,비활성
지케이에스,혼합 (판매+구매),,,,,,,,,,,,,,,비활성
형제공구백화점,고객업체 (판매),,채병호,도소매,"철물공구,건설자재종합",울산광역시 울주군 서생면 연산3길 12,052-239-1453,052-239-1454,,,,,,,,비활성
유성철물공구전기,고객업체 (판매),,박상림,,,대전시 대덕구 송촌동 483-1,042-626-8277,,,,,,,,,비활성
메타엠알오,고객업체 (판매),,김용진,도소매,"철물,공구외","인천광역시 연수구 송도미래로 30,A동404호",032-811-4115,032-724-4115,,,,,,,,비활성
현대종합목재,고객업체 (판매),220812,배성환,도소매,원목및 건축관련 목재품,제주특별자티도 서귀포시 토평남로87번길 31,064-732-5000,064-762-8383,,,,,,,,비활성
이원공업사,고객업체 (판매),,,,,,,,,,,,,,,비활성
동아상사,고객업체 (판매),220804,홍문주,도소매업외,"닥트,철물외",충청북도 청주시 흥덕구 강내면 서부로 261,043-239-0003,043-239-0004,,,,,,,,비활성
신동현,고객업체 (판매),,,,,,,,,,,,,,,비활성
튼튼휀스,고객업체 (판매),220730,,,,,,,,,,,,,,비활성
한국건재상사,혼합 (판매+구매),,안귀석,도매및소매업,공구 철물,충남 예산군 삽교읍 도청대로835,,041-337-0974,,,,,,,,비활성
(주)두리로드 레미콘지점,고객업체 (판매),220727-5,김노원,제조,레미콘,전라북도 무주군 무주읍 원용포길 43,063-324-2002,,,,,,,,,비활성
동서종합건재,혼합 (판매+구매),,권기옥,도소매,"철물,공구",경기도 안성시 일죽면 금일로 440,031-672-5316,031-673-2016,,,,,,,,비활성
창대철물종합건재,고객업체 (판매),,나호성,소매업,철물,충남 천안시 서북구 성거읍 요방리 207-38,,,,,,,,,,비활성
영서종합배관,고객업체 (판매),,이창주,도매및소매업외,배관자재외,강원도 원주시 개운로 107(개운동),033-731-9000,033-731-3377,,,,,,,,비활성
서해기계공구마트,고객업체 (판매),,정용만,도소매,"농자재마트,일반철물",충남 서산시 소탐3길 5 (수석동),041-666-0911,041-666-0966,,,,,,,,비활성
국제상사,고객업체 (판매),220711,김승주,도소매,"건축자재,안전용품",충남 금산군 금산읍 금산로 1501,041-752-5351,,,,,,,,,비활성
한울농장,고객업체 (판매),,,,,,,,,,,,,,,비활성
신화철물,혼합 (판매+구매),,윤정우,도매및소매업,철물,강원도 원주시 치악로 1959(태장동),,,,,,,,,,비활성
대진기계,고객업체 (판매),,김용태,,,충남 태안군 태안읍 동백로 231,041-674-0921,041-674-0921,,,,,,,,비활성
유한회사동진종합상사,고객업체 (판매),,은규란,도소매외,철물외,전북 군산시 새만금북로 221,063-471-3338,063-471-6668,,,,,,,,비활성
럭키파이프,고객업체 (판매),,김중식,도소매,건축자재,충북 제천시 하소동 192,043-644-3073,043-646-3073,,,,,,,,비활성
38공구,고객업체 (판매),,,,,동해,,,,,,,,,,비활성
황진하,고객업체 (판매),,,,,경기도 광주시 송정동  274-3번지 주목카운티 214동 201호,,,,,,,,,,비활성
인계건재,고객업체 (판매),,,,,의성,,,,,,,,,,비활성
주식회사 성보종합상사,고객업체 (판매),,송용록,도소매,볼트및기타 철물안전용품,대구광역시 달서구 성서서로36길 5-7(갈산동),053-581-0989,053-581-0974,,,,,,,,비활성
북이철물,고객업체 (판매),,배명진,,"안전용품,실리콘,테이프,장갑",청주시 청원구 북이면 신대현암길 4,043-715-9900,043-715-5553,,,,,,,,비활성
햇빛자원,고객업체 (판매),,,,,,,,,,,,,,,비활성
광신건재,고객업체 (판매),,박준규,,,충북 음성군 금왕읍 무극로 199,043-883-0808~9,043-881-3845,,,,,,,,비활성
상민종합상사,고객업체 (판매),220610-1,김창수,도소매,"공구,철,만물",충북 청주시 상당구 사천동 48-1 충북산업용재유통단지 104동126-7,043-217-4529,043-217*4528,,,,,,,,비활성
현대종합기계,고객업체 (판매),,,,,,,,,,,,,,,비활성
오성상사,고객업체 (판매),,,,,신대동,,,,,,,,,,비활성
OK종합상사,고객업체 (판매),,최호민,도매및소매업,"철물,공구외",충청남도 서산시 고북면 은개말2길 10,041-664-2480,041-664-2485,,,,,,,,비활성
이오균,고객업체 (판매),,이오균,,,대구광역시 수성구 들안로233 KCC 페인트 한신도료,,,,,,,,,,비활성
신광철물 당진,고객업체 (판매),,임동춘,,"철물,건축자재",충남 당진시 정미면 천의리 289-44,041-353-2067,041-352-7176,,,,,,,,비활성
다온,고객업체 (판매),,,,,논산,,,,,,,,,,비활성
다판다철물,고객업체 (판매),,,,,,,,,,,,,,,비활성
대성에프엔티,고객업체 (판매),220530-3,김수용,도매,공구및잡재류,"서욱특별시 구로구 구로중앙로 197,228호(구로동, 공구상가6동)",02-2637-8950,02-2647-8950,,,,,,,,비활성
김영춘,고객업체 (판매),,,,,,,,,,,,,,,비활성
로젠 기사님,고객업체 (판매),,,,,,,,,,,,,,,비활성
장재웅,고객업체 (판매),,,,,,,,,,,,,,,비활성
박주진,고객업체 (판매),,,,,전남 완도군 금당면 금당로 134,,,,,,,,,,비활성
미상손님,고객업체 (판매),,,,,,,,,,,,,,,비활성
SE건설,고객업체 (판매),,박재문,,"자동문,폴딩도어,창문등",광주광역시 북구 동운로 182-1,,,,,,,,,,비활성
생고뱅코리아 주식회사,매입업체 (구매),,이석우,제조업,연마재,"인천광역시 연수구 첨단대로 124번길 34(송도동, 생고뱅코리아)",,,,,,,,,,비활성
제이비산업,고객업체 (판매),,심재화,도소매,"포장자재,산업용품",대전시 대덕구 산업단지로93번길27 (신일동),042-621-5588,042-621-5589,,,,,,,,비활성
신광철물건재,고객업체 (판매),,,,,강원도 정선군 임계면 송계리 759-5,,,,,,,,,,비활성
서울건재공구철물,고객업체 (판매),,심기용,,인테리어자재등,경기도 이천시 장호원읍 장감로 17-2,031-642-0984,031-642-2026,,,,,,,,비활성
옥천컨테이너,고객업체 (판매),,,,,,,,,,,,,,,비활성
아이거,매입업체 (구매),,김제정,,,대전시 서구 동서대로 1144-11,042-825-5536,042-825-5537,,,,,,,,비활성
디에이종합상사,고객업체 (판매),,이재원,도소매,공구및전기자재,"경기도 안성시 개내교3길 9, 나동 107호(신건지동, 신안주택)",,031-676-0968,,,,,,,,비활성
김동식,고객업체 (판매),,,,,경기도 화성시 수노을1로 191 209동1201호,,,,,,,,,,비활성
(주)포스,고객업체 (판매),220511-4,최이기,건설업,건설/일반토목공사,"충남 금산군 금산읍 북사직5길 35,1층(골드리버)",,,,,,,,,,비활성
유진홈센타,고객업체 (판매),220510,유경태,소매,기타잡자재외,전라북도 완주군 고산면 고산로  84-6,063-263-3005,063-263-3006,,,,,,,,비활성
계룡건재,혼합 (판매+구매),,이희자,도매및소매,건축자재,대전광역시 유성구 유성대로 632(구암동),042-822-6378,070-7569-7792,,,,,,,,비활성
진산철물,혼합 (판매+구매),,,,,,,,,,,,,,,비활성
토지공업사,고객업체 (판매),,,,,,,,,,,,,,,비활성
경남철물,고객업체 (판매),,,,,,,,,,,,,,,비활성
에스지하이텍/성광기업,고객업체 (판매),,,,,경기도 광주시 광남안로431번길 28-6,0503-8223-4506,,,,,,,,,비활성
광역기계,고객업체 (판매),,,,,,,,,,,,,,,비활성
(주)평화지붕,고객업체 (판매),220422-6,김용화,"건설,제조","지붕공사업,철판제조가공",경기도 여주시 가남읍 경충대로1544  (주)평화지붕,031-632-7804,031-885-7804,,,,,,,,비활성
명성종합건재,고객업체 (판매),,김상태,도소매,"철물,안전용품,건자재",충북 괴산군 괴산읍 동부리 516-1,043-832-2217,043-834-2217,,,,,,,,비활성
현대종합상사 홍성,고객업체 (판매),220418,조경희,도소매,"철물,건자재",충남 홍성군 홍성읍 내포로 196번길 7,041-632-0000,041-634-3915,,,,,,,,비활성
삼성종합상사,고객업체 (판매),220419,박일병,도매외,철물외,충남 아산시 탕정면 탕정면로 141-6,041-541-8788,041-544-5464,,,,,,,,비활성
현도종합철물,고객업체 (판매),,,,,충북 청주시 서원구 현도면 죽전리 죽전길6,043-269-5657,,,,,,,,,비활성
드림종합상사 안성,고객업체 (판매),220407-1,이진아,도소매,"건축자재,안전용품","경기도 안성시 계동길 71-2, 가동",,031-671-8679,,,,,,,,비활성
이현,고객업체 (판매),,,,,,,,,,,,,,,비활성
공정건재철물,고객업체 (판매),220406,강권수,도소매,건축자재외,경상남도 진주시 대신로 323-2(하대동),,055-755-2131,,,,,,,,비활성
입금,고객업체 (판매),,,,,,,,,,,,,,,비활성
형제종합철물공구,고객업체 (판매),220331,조윤진,,,강원도 횡성군 우천면 한우로 1242,033-345-2606,033-345-2607,,,,,,,,비활성
준건설,고객업체 (판매),,서병준,,,전남 보성군 보성읍 일림로 1598,061-852-9766,061-853-3306,,,,,,,,비활성
위너전기조명,고객업체 (판매),,김영철,도소매,"전선,전기용품","경기도 남양주시 오남읍 진건오남로 677-20, 주건축물 제1동 1층",031-607-6636,031-607-6637,,,,,,,,비활성
태평양건축,고객업체 (판매),,,,,,,,,,,,,,,비활성
박천은,고객업체 (판매),,,,,대전시 유성구 엑스포로501 청구나래아파트 106동1104,,,,,,,,,,비활성
미성철물공구,고객업체 (판매),,신동열,,,충남 서산시 고북면 고북3로 12,041-664-7409,041-662-7411,,,,,,,,비활성
해동전기,고객업체 (판매),,,,,전남 장흥군 장흥읍 남부관광로65  문광룡,,,,,,,,,,비활성
(주)우호일렉스,고객업체 (판매),220304-2,김재호,도소매,pvc파이프(전기설비자재),경기도 광주시 초월읍 현산안길 63,031-762-3032,031-796-3343,,,,,,,,비활성
제이에이치테크,고객업체 (판매),,정주희,도소매,사무용가구및 기기 도매업,"경상북도 포항시 남구 상공로 18번길 3,2층201호",,,,,,,,,,비활성
대성철물건재사,고객업체 (판매),220301-1,노성우,,,경북 청송군 진보면 진안로 30,054-872-5696,,,,,,,,,비활성
백제철물,고객업체 (판매),,,,,경남 사천시 곤양면 곤양로62,,,,,,,,,,비활성
강철물,고객업체 (판매),,,,,,,,,,,,,,,비활성
수목토,고객업체 (판매),,,,,,,,,,,,,,,비활성
수정종합상사,고객업체 (판매),,김동규,도소매,"기계,공구,철물","대구광역시 북구 유통단지로16,3동1층 13호",053-604-3819,053-604-3820,,,,,,,,비활성
주성욱,고객업체 (판매),,,,,경기도 광주시 오포읍 매자리길27번길 73(오포읍 제이스피티),,,,,,,,,,비활성
동한테크(주),고객업체 (판매),,김영춘,제조,"농업기계,난방기제조등",전북 익산시 은기길 326-16,063-836-8788,063-836-9134,,,,,,,,비활성
현대기성문,고객업체 (판매),,,,,,,,,,,,,,,비활성
신화종합철물(주),고객업체 (판매),,윤정미,도소매,건설자재 사무용품 안전용품등,"경상남도 진주시 금산면 갈전길 26, 주1동",055-762-6964,055-762-6965,,,,,,,,비활성
고려건재,고객업체 (판매),,곽동진,도소매업,건자재,충북 진천군 진천읍 대촌길 23,043-534-1830,,,,,,,,,비활성
도형건축,고객업체 (판매),,정재근,도소매외,"원목,기타목재외",전라남도 여수시 무선로 213(화장동),,,,,,,,,,비활성
박병찬,혼합 (판매+구매),,,,,,,,,,,,,,,비활성
대경산업인터내셔널,고객업체 (판매),220220,차재민대리,도소매,"건축자재,철물",충남 아산시 신창면 창암리146,041-534-4242,041-534-4243,,,,,,,,비활성
스마트롤러,고객업체 (판매),,정옥님,도소매,"철물,공구","충남 금산군 금산읍 인삼로 220,3동",041-751-0907,,,,,,,,,비활성
효인 실장,고객업체 (판매),,,,,,,,,,,,,,,비활성
우리공업사,고객업체 (판매),,,,,,,,,,,,,,,비활성
안동안전,고객업체 (판매),220105,박성수,,"산업안전보호구,장갑전품목등",경북 안동시 태화중앙로79,054-852-9160,054-857-6068,,,,,,,,비활성
대신건재,고객업체 (판매),,,,,,,,,,,,,,,비활성
삼영공구,고객업체 (판매),,,,,,,,,,,,,,,비활성
유화건재,고객업체 (판매),,김정중외1명,도.소매외,"철물,건축자재외",전라북도 무주군 무주읍 주계로 81,063-322-2219,063-324-1269,,,,,,,,비활성
황동철물,고객업체 (판매),,,,,,,,,,,,,,,비활성
현대철물 곤양,고객업체 (판매),,,,,,,,,,,,,,,비활성
김병수,고객업체 (판매),,,,,,,,,,,,,,,비활성
대전조은스카이,고객업체 (판매),,황의석,,,,,042-584-2420,,,,,,,,비활성
정원산업,고객업체 (판매),,,,,,,,,,,,,,,비활성
박영희(일진기공),고객업체 (판매),,,,,,,,,,,,,,,비활성
한성건재철물,고객업체 (판매),,,,,,,,,,,,,,,비활성
현진공구상사,고객업체 (판매),,조충호,도소매,일반철물및수공구,충남보령시신설1길47,041-936-0955,,,,,,,,,비활성
현대자원,고객업체 (판매),,오희근,"도소매,건설",건물철거/철거전문,전남 보성군 득량면 예당길 98,,,,,,,,,,비활성
아리랑공구(주),혼합 (판매+구매),,권영옥,도소매,공구,경기도 남양주시 화도읍 경춘로 2173-1,031-511-5773,031-511-5761,,,,,,,,비활성
로하건축,고객업체 (판매),211208,박원국,건설업,조립식건축,제주도,,,,,,,,,,비활성
예인하우징,고객업체 (판매),,,,,,,,,,,,,,,비활성
한성준,고객업체 (판매),,,,,경남 창원시 성산구 공단로18 엠모터스프라자 209호 유림모터스,,,,,,,,,,비활성
대성창호,고객업체 (판매),,,,,,,,,,,,,,,비활성
(주)대동철강,고객업체 (판매),,박창범,,하우스시공 전문,전남 무안군 현경면 현해로 61,061-452-5385,061-452-5386,,,,,,,,비활성
우림건재,고객업체 (판매),,,,,,,,,,,,,,,비활성
대성부속상사,고객업체 (판매),,,,,대구시 북구 태전동 555-1,053-312-0554,,,,,,,,,비활성
산들애철물,고객업체 (판매),,,,,,,,,,,,,,,비활성
가남철물건재백화점,고객업체 (판매),,김재웅,소매외,철물외,경기도 여주시 가남읍 흑석로 16,031-881-0929,031-881-0925,,,,,,,,비활성
대성건축인력,고객업체 (판매),,,,,,,,,,,,,,,비활성
대광교역박상무,매입업체 (구매),,,,,,,,,,,,,,,비활성
만성철물,고객업체 (판매),,,,,,,,,,,,,,,비활성
성신전기철물,고객업체 (판매),,,,,,,,,,,,,,,비활성
이안인테리어,고객업체 (판매),,,,,,,,,,,,,,,비활성
대지철물 유,고객업체 (판매),,,,,,,,,,,,,,,비활성
(주)우림엔지니어링,고객업체 (판매),,문형조,"건설,제조",기계장치공사,경북 포항시 남구 연일읍 동문로94번길 38,054-285-6446,054-285-6670,,,,,,,,비활성
반디공구,고객업체 (판매),,,,,,,,,,,,,,,비활성
(유)태양건축자재백화점,혼합 (판매+구매),,이양임,도소매외,"건설,토목자재외",전라북도 완주군 봉동읍 봉동로 384,063-714-2056,063-714-2058,,,,,,,,비활성
주변건축,고객업체 (판매),,,,,,,,,,,,,,,비활성
글로벌 오복특장차,고객업체 (판매),,,,,,,,,,,,,,,비활성
동진상사,고객업체 (판매),,,,,,,,,,,,,,,비활성
심원철물,고객업체 (판매),,,,,,,,,,,,,,,비활성
악양마트,고객업체 (판매),,,,,,,,,,,,,,,비활성
고려종합상사,고객업체 (판매),211020,김철희,도소매,"바퀴,와이어외",세종특별자치시 조치원읍 충현로 13,044-862-8744,044-862-8745,,,,,,,,비활성
대지철물점,고객업체 (판매),,임성규,소매업,철물,대전. 유성구 원내동 197-1,042-542-3966,,,,,,,,,비활성
오덕명,고객업체 (판매),,,,,,,,,,,,,,,비활성
태민건축,고객업체 (판매),,,,,,,,,,,,,,,비활성
한마루에너지,고객업체 (판매),,,,,,,,,,,,,,,비활성
도원카센터,고객업체 (판매),,,,,,,,,,,,,,,비활성
나래건업,고객업체 (판매),,박환철,,"경량철골,각종칸막이",광주,,,,,,,,,,비활성
태성농기계,고객업체 (판매),,,,,,,,,,,,,,,비활성
대림철물,고객업체 (판매),,소병운,도소매,"철물,건재",충남 당진시 송악읍 송악로 33,041-355-0477,041-355-0454,,,,,,,,비활성
대성종합건축,고객업체 (판매),,,,,,,,,,,,,,,비활성
경동철물공구,고객업체 (판매),,,,,충남 보령시 중앙로 148,041-934-3407,,,,,,,,,비활성
신안철물,고객업체 (판매),,,,,,,,,,,,,,,비활성
진해선구,고객업체 (판매),,,,,,,,,,,,,,,비활성
산진철물,고객업체 (판매),,,,,,,,,,,,,,,비활성
진영건재,고객업체 (판매),,신은주,"도,소매",건축자재외,경북 문경시 진곡길11,053-553-0014,053-554-0014,,,,,,,,비활성
명석철물,고객업체 (판매),,,,,,,,,,,,,,,비활성
서울철물,고객업체 (판매),,최은호,도소매외,철물외,경기도 남양주시 진접읍 내각1로 83,031-571-2411,031-572-4070,,,,,,,,비활성
대성자원,고객업체 (판매),,,,,,,,,,,,,,,비활성
주식회사 진천종합상사,고객업체 (판매),,박재광,도소매,안전용품 건축자재,충북 진천군 진천읍 대촌길 39,043-536-7000,043-536-7001,,,,,,,,비활성
연재철물공구,고객업체 (판매),,주근순,,,청주시 흥덕구 옥산면 오산가좌로 386,043-235-0097,,,,,,,,,비활성
삼호상사,고객업체 (판매),,서민숙,도소매,"기계공구,차량부속","대구광역시 북구 유통단지로16, 26동24호",053-604-3531,053-604-3532,,,,,,,,비활성
구구볼트,고객업체 (판매),,이광수,도소매,철물,대전시 대덕구 오정동 324-7,,,,,,,,,,비활성
단성철물,고객업체 (판매),210906,강동완,도소매외,철물외,"경상남도 진주시 돗골로 104, 1층(상평동)",055-761-9024,055-761-9026,,,,,,,,비활성
주식회사 디케이엠지스,고객업체 (판매),210903-2,문성원,도소매,일반철물및 수공구,전라남도 여수시 망마로 79(신기동),061-691-9000,061-685-3883,,,,,,,,비활성
동일벨텍,고객업체 (판매),210903-1,정영민,"제조업,도소매",산업용벨트 가공 제조,충북 충주시 창현로 1467-1 (용두동),043-842-0989,043-842-0808,,,,,,,,비활성
선경건업,고객업체 (판매),,설현종,,"창호,샷시,잡철공사",대전 동구 한밭대로 1268번길 36,042-634-1145,,,,,,,,,비활성
홈툴즈,매입업체 (구매),,,,,경기도 안성시 일죽면,,,,,,,,,,비활성
용문철물,고객업체 (판매),,최형회,,,"대전 서구 용문로62,101호",042-537-2614,,,,,,,,,비활성
일손철물공구,고객업체 (판매),,황인봉,도소매,철물 공구,대전시 대덕구 벚꽃길 76(상서동),,,,,,,,,,비활성
장계종합건축자재,고객업체 (판매),,안철형,도소매,건축자재,전북 장수군 장계면 백화로25,063-351-7200,063-351-7203,,,,,,,,비활성
원길,고객업체 (판매),,,,,,,,,,,,,,,비활성
부용산건재,고객업체 (판매),,김정봉,도소매,건자재,세종특별자치시 부강면 태산길 17,044-275-4011,044-275-5500,,,,,,,,비활성
일성철물,고객업체 (판매),,,,,충남 아산시 고도면 고도면로 79,041-541-4788,041-544-4788,,,,,,,,비활성
보일러백화점,고객업체 (판매),,허주현,,,충남 보령시 동대동 큰오랏1길 94-7,041-936-3115,041-935-9974,,,,,,,,비활성
T/B캠핑,고객업체 (판매),,,,,,,,,,,,,,,비활성
연합건축,고객업체 (판매),,,,,,,,,,,,,,,비활성
김동한,고객업체 (판매),,,,,서울 중랑구 면목로39길 59-3  301호,010-3052-9564,,,,,,,,,비활성
나래상사,고객업체 (판매),,김순배,,,대전. 중구 유천동 335-136,042-581-0948,042-585-0948,,,,,,,,비활성
금석철물점,고객업체 (판매),,,,,충남 청양군 청양읍 중앙로 106,041-943-2267,041-943-8578,,,,,,,,비활성
금성베어링,고객업체 (판매),,,,,경남 하동군 하동읍 경서대로 214,055-883-0261,055-884-6008,,,,,,,,비활성
한콕컨테이너,고객업체 (판매),,,,,,,,,,,,,,,비활성
칠성FRP,고객업체 (판매),,,,,,,,,,,,,,,비활성
영신철물,고객업체 (판매),,,,,,,,,,,,,,,비활성
형제기업,고객업체 (판매),,김봉호,,"철구조,조립식판넬",구례,061-782-1093,061-783-6963,,,,,,,,비활성
에이엠티인터내셔널,혼합 (판매+구매),,이성근,도소매외,전구램프및조명외,"경기도 시흥시 희망공원로223 (정왕동 1259-6, 시화공단 2나 706호",0313192650,0313192659,,,,,,,,비활성
이승순,고객업체 (판매),,,,,대전시 서구 신갈마로86번길 14 갈마(아)207동1303호,,,,,,,,,,비활성
(주)대성씨엔디,고객업체 (판매),,황귀연,,"하우스파이프,각종 파이프납품","논산시 상월면 호월로693,제2동",041-733-4345,041-733-4347,,,,,,,,비활성
동해철물,고객업체 (판매),,권석일,소매,"철물,공구,안전용품",강원도 동해시 송정중앙로 23(송정동),033-522-1735,033-521-0960,,,,,,,,비활성
섬리친환경,고객업체 (판매),,,,,,,,,,,,,,,비활성
주식회사 고려건축,고객업체 (판매),,이우석,건설업,"철근,콘크리트공사","경기도 남양주시 다산지금로163번길 9-77,1층(다산동)",,,,,,,,,,비활성
서동금속,고객업체 (판매),,박찬회,,"절단,절곡,알곤용접",서울특별시 금천구 시흥대로 97(시흥유통상가 30동319호),02-893-2000,02-893-3000,,,,,,,,비활성
충남철물건재,고객업체 (판매),,이정이,도매외,"어도구,기타외",경기도 안양시 동안구 평촌대로107번길 20-3(호계동),,,,,,,,,,비활성
석정ENG,고객업체 (판매),,정재경,건설,"기계수리,배관,철골",경북 포항시 남구 해동로96번길4 (해도동),054-283-3887,054-283-3885,,,,,,,,비활성
중앙농약,고객업체 (판매),,이일수,도소매,농약및 비료,경남 함양군 안의면 광풍로 158,055-963-8669,055-962-4835,,,,,,,,비활성
태신금속,고객업체 (판매),,김주남,,,경기도 남양주시 진건읍 송능2길 22-6,,,,,,,,,,비활성
해인산기,고객업체 (판매),,조섭제,"제조,도소매","기계부품,공구",경상남도 함안군 칠원읍 운무로 217-28,055-297-8759,055-297-8760,,,,,,,,비활성
명호전기,고객업체 (판매),,정태호,"도소매,건설","전기자재판매,전기공사업",충남 논산시 시민로 360번길 6(취암동),041-733-2649,041-733-3350,,,,,,,,비활성
대양합판목재건재,고객업체 (판매),210712,노정기,도소매,"합판,목재외","충청남도 천안시 서북구 2공단1로 52(성성동, 정미플러스마트)",041-577-6640,041-577-6645,,,,,,,,비활성
신용농자재,고객업체 (판매),,,,,,,,,,,,,,,비활성
양천공구,고객업체 (판매),210709-1,정용환,도소매,"기계공구,안전용품","서울특별시 양천구 등촌로 80(목동, 목동삼성빌딩1층)",02-2653-0448,02-2653-0447,,,,,,,,비활성
미광종합건설,고객업체 (판매),,,,,경북 칠곡군 동명면 봉암리 401-6번지,054-977-6767,054-977-6747,,,,,,,,비활성
대신택배 대화점,혼합 (판매+구매),,,,,,042-670-4413,,,,,,,,,비활성
로젠택배,혼합 (판매+구매),,,,,,,,,,,,,,,비활성
우진기계공구,고객업체 (판매),,김동민,,,강원도 원주시 무실동 662-5(남원주IC앞),033-761-0988,033-761-0968,,,,,,,,비활성
청룡농기계,고객업체 (판매),,,,,,,,,,,,,,,비활성
우리공구철물,고객업체 (판매),,이용재,도매및상품중개업외,"철물,건자재외",경기도 양평군 서종면 무내미길 37,031-774-4774,031-774-4773,,,,,,,,비활성
금광설비철물,고객업체 (판매),,서성만,,난방시공업,강원도 여주시 상동 295-2,031-883-3755,031-883-3766,,,,,,,,비활성
우진건축,고객업체 (판매),,,,,,,,,,,,,,,비활성
대진농기계,고객업체 (판매),,,,,충남 태안군 소원면 서해로 700-36,041-672-6673,041-672-6673,,,,,,,,비활성
영진철물건재,고객업체 (판매),210624-3,민미정,소매,철물,경기도 이천시 설성면 설가로 8,설성,,,,,,,,,비활성
대진건설,고객업체 (판매),,조상호,,금속구조물 창호공사,경북 영천시 화산면 장수로 638,054-337-0234,054-335-0235,,,,,,,,비활성
주식회사 라바종합상사,고객업체 (판매),210622,박경환,도소매,"철물,공구 안전용품외","울산광역시 울주군 청량읍 청량로 361,1동",052-266-7001,,,,,,,,,비활성
천일건재,고객업체 (판매),,,,,경북 울진군 평해읍 평해로 64-10,,,,,,,,,,비활성
대성철물공구,고객업체 (판매),,,,,전남 해남군 문내면 동영길 35-1,061-532-1594,,,,,,,,,비활성
삼영자동차,고객업체 (판매),,,,,,,,,,,,,,,비활성
(주)평화장갑무역,고객업체 (판매),,,,,충남 아산시 음봉면 산동로 354,041-551-8523,041-562-8523,,,,,,,,비활성
장성고물상,고객업체 (판매),,,,,,,,,,,,,,,비활성
대신철물,고객업체 (판매),,,,,,,,,,,,,,,비활성
MK철물종합산업,고객업체 (판매),,,,,,,,,,,,,,,비활성
강태호사장님,고객업체 (판매),,,,,경기도 부천시 성주로225번길 13-1,,,,,,,,,,비활성
비엠컴퍼니,고객업체 (판매),210601,임선희,도소매,"무역업,산업건축공구","경상북도 경주시 강동면 동해대로 166-9,A동106호(삼성원룸)",070-4046-6627,054-771-6644,,,,,,,,비활성
(주)정산,고객업체 (판매),210528,김석환,"도매,제조","무역업,연마재 일반철물 제조",울산광역시 남구 갈밭로 11(삼산동),052-271-7031,052-271-7050,,,,,,,,비활성
안계종합건재,고객업체 (판매),,우범기,,,경북 의성군 안계면 안계길 105,054-861-0286,054-861-3643,,,,,,,,비활성
금강철물,고객업체 (판매),,,,,,,,,,,,,,,비활성
오케이툴,고객업체 (판매),,박연주,도소매,공구 철물,충남 금산군 추부면 추정리 230-18,,,,,,,,,,비활성
금산건축자재,고객업체 (판매),,,,,,,,,,,,,,,비활성
방문,고객업체 (판매),,,,,,,,,,,,,,,비활성
금보인더스트리얼,고객업체 (판매),,유제록,,,대전시 대화동 294-14번지 (C동105호),042-638-6353,042-638-6352,,,,,,,,비활성
황동열쇠,고객업체 (판매),,,,,,,,,,,,,,,비활성
금호베어링,고객업체 (판매),,,,,충남 부여군 부여읍 성왕로 137,041-833-4794,,,,,,,,,비활성
명성공업사,고객업체 (판매),,,,,,,,,,,,,,,비활성
금강종합건재,고객업체 (판매),,최서영,"도소매,부동산","건축자재,임대",대전광역시 중구 대종로 395(대흥동),042-223-8833,042-222-2959,,,,,,,,비활성
(주)컷팅코리아,혼합 (판매+구매),,이상화,도소매,건설공구,부산시 강서구 유통단지1로 41104-110(대저2동 부산티플렉스) (대저2동),,,,,,,,,,비활성
아시아휀스,고객업체 (판매),210521,강귀녀,"건설업,도소매","철골및 철근공사,휀스",경상남도 진주시 집현면 불너머길 14,055-758-5395,,,,,,,,,비활성
삼선,고객업체 (판매),210514,최경섭,"제조업,도소매",건축자재,"충북 청주시 흥덕구 강내면 태성탑연로90, 가동",043-233-3082,043-233-3081,,,,,,,,비활성
엘케이 플랜트,고객업체 (판매),,박은숙,,,충청남도 당진시 송악읍 홍척동길 22-21,,,,,,,,,,비활성
대중철물,고객업체 (판매),,김영만,,,강릉시 옥천로19번길 34호 대중철물,033-641-2866,033-648-2866,,,,,,,,비활성
인성건재철물상사,고객업체 (판매),,이봉주,,,경남 창녕군 영산면 동리 128-1,055-536-3475,,,,,,,,,비활성
철물공구나라,고객업체 (판매),,최전오,,"욕실,주방,전기등",김해시 진영읍 장등로 50,055-346-0980,055-346-0980,,,,,,,,비활성
진영종합철물,고객업체 (판매),,주영길,,"철물,공구",경남 김해시 진영읍 김해대로 74,055-345-2235,055-345-3069,,,,,,,,비활성
대우건재철물,고객업체 (판매),,김종현,,,경남 고성군 회화면 배둔리 828-10,055-673-0505,,,,,,,,,비활성
한일종합상사,고객업체 (판매),,,,,경남 고성군 읍 남해안대로2321,055-673-8762,055-673-8763,,,,,,,,비활성
김홍주건설기계,고객업체 (판매),210511-1,김홍주,"도매,제조","진동로라발전기,캇타기",경남 거제시 연초면 거제대로 4253 (1층),055-634-1002,055-634-1050,,,,,,,,비활성
고창철재,고객업체 (판매),,,,,전북 고창군 고창읍 고인돌대로 1679,063-561-0033,063-561-0305,,,,,,,,비활성
제일건재사,고객업체 (판매),,김미영,,"철물,건재,공구",경남 함양군 안의면 광풍로 177,055-962-0629,,,,,,,,,비활성
동신철물상사,고객업체 (판매),,이성기,도소매외,공구외,전라남도 여수시 둔덕3길 5(둔덕동),061-651-6062,061-651-9907,,,,,,,,비활성
창동건재사,고객업체 (판매),,류지현,,"시멘트,철물,목재",경남 거창군 읍대동리 251-5번지,055-944-6089,055-943-3636,,,,,,,,비활성
병수친구,고객업체 (판매),,,,,,,,,,,,,,,비활성
삼성공구백화점,고객업체 (판매),,,,,,,,,,,,,,,비활성
강석재,고객업체 (판매),,,,,,,,,,,,,,,비활성
유일유통,고객업체 (판매),210429,박상진,"도매,제조",종합기계공구및부품,경상북도 문경시 산양면 경서로 457,,,,,,,,,,비활성
우리철물자재백화점,고객업체 (판매),,김기정,,,경북 의성군 금성면 탑운길 73,054-833-2078,,,,,,,,,비활성
남도건축,고객업체 (판매),,,,,,,,,,,,,,,비활성
주식회사 파란이앤씨,고객업체 (판매),210426-6,이상학,"건설,제조",전문건설하도급,"경기도 포천시 호국로917번길 45-1, 1층(설운동)",031-531-8001,031-531-8002,,,,,,,,비활성
현대목재철물,고객업체 (판매),,,,,,,,,,,,,,,비활성
조광상회,매입업체 (구매),,육재우,,,대전 중구 문창동 108-32,042-284-4484,042-284-1971,,,,,,,,비활성
서울철물  평창,고객업체 (판매),,최은호,도소매외,철물외,경기도 남양주시 진접읍 내각1로 83,031-571-2411,031-572-4070,,,,,,,,비활성
현대공업사,고객업체 (판매),,,,,,,,,,,,,,,비활성
대경 안동,고객업체 (판매),,,,,,,,,,,,,,,비활성
이한농자재,고객업체 (판매),,,,,철원,,,,,,,,,,비활성
노선공업사,고객업체 (판매),,,,,화천,,,,,,,,,,비활성
동명철물건재,고객업체 (판매),,이정재,,"건축,토목,특수공사 등",경북 칠곡군 동명면 경북대로 109,054-977-0085~7,054-977-0086,,,,,,,,비활성
영화공구,고객업체 (판매),,김도훈,,"철물,공구수리대여",대구광역시 북구 칠곡중앙대로 494,053-321-0039,053-321*7008,,,,,,,,비활성
신풍농자재,고객업체 (판매),,주영주,,"하우스,축사시공",충남 공주시 유구읍 백교리 중앙1길 40,041-841-9668,041-841-9666,,,,,,,,비활성
박수덕사장님,고객업체 (판매),,,,,울산시 북구 달천동 375-6,,,,,,,,,,비활성
태산철물PVC건재,고객업체 (판매),,김대식,도소매,철물,전북 정읍시 황토현로 1234(농소동),,,,,,,,,,비활성
단계건재상,고객업체 (판매),,,,,산청군 신동면 신동가회로 27,,,,,,,,,,비활성
동화철물 함양,고객업체 (판매),,,,,함양군 수동면 수동길 61,,,,,,,,,,비활성
고려자재백화점.고려과원지주시스템,고객업체 (판매),210421,황영덕,"건설,제조,도소매",상하수도설비및시설물유지,경상북도 영주시 봉현면 신재로 948,,,,,,,,,,비활성
유니온하우징,고객업체 (판매),,,,,경기도 평택시 오성면 죽3리길 183,,,,,,,,,,비활성
둔내철물,고객업체 (판매),,,,,둔내,,,,,,,,,,비활성
길빵,고객업체 (판매),,,,,,,,,,,,,,,비활성
구성운,고객업체 (판매),,,,,경기도 남양주시 조안면 능내리 172-2번지,,,,,,,,,,비활성
대한농자재,고객업체 (판매),,,,,정선,,,,,,,,,,비활성
대명종합건재 진천,고객업체 (판매),,노충하,,,충북 진천군 초평면 초평로 517,043-534-4630,043-534-4006,,,,,,,,비활성
(주)원진종합상사,고객업체 (판매),,"송미숙,임윤미",도소매,철만물,광주광역시 광산구 사암로 734(도천동),062-959-0989,062-953-1211,,,,,,,,비활성
기호공구상사,매입업체 (구매),,,,,"대전 대덕구 대화로160, 공구상가 5동117호",042-670-6108,,,,,,,,,비활성
정우상사,고객업체 (판매),,김원호,"건설,도소매","전기설비공사,인테리어","광주시 광산구 우산로 128-1,1층(우산동)",,,,,,,,,,비활성
선산철재,고객업체 (판매),,,,,,,,,,,,,,,비활성
하만종합상사,고객업체 (판매),210410,조경래,도소매,철물건재,경기도 여주시 북내면 당전로 6-1,031-886-0061,031-886-0062,,,,,,,,비활성
경남창호,고객업체 (판매),,,,,,,,,,,,,,,비활성
쌍용종합건재,고객업체 (판매),,마문재,,"합판,각목,각종건축자재",경남 함양군 함양읍 한들로38,055-963-7730,,,,,,,,,비활성
현대건재사,고객업체 (판매),,우영순,,,전북 무주군 안성면 안성로 258번지,063-323-1234,,,,,,,,,비활성
제일철물건재,고객업체 (판매),,,,,,,,,,,,,,,비활성
삼성철물 예산,고객업체 (판매),,,,,,,,,,,,,,,비활성
만물건재철물공구,고객업체 (판매),,김경섭,,,충북 괴산군 연풍면 연풍로 1362,043-833-2303,,,,,,,,,비활성
새마을건재 문경,고객업체 (판매),,김윤기,,,경북 문경시 문경읍 진안리 196-6,054-571-0571,054-571-1969,,,,,,,,비활성
신풍농약종묘사,고객업체 (판매),,채상기,,,경북 문경시 문경읍 문희로 17,054-571-2980,,,,,,,,,비활성
호린산업,고객업체 (판매),,,,,,,,,,,,,,,비활성
이재실사장,고객업체 (판매),,,,,,,,,,,,,,,비활성
추풍령공조(장광석),고객업체 (판매),,,,,,,,,,,,,,,비활성
현대공구철물백화점,고객업체 (판매),,이용운,도소매,공구 및 철물,대전시 유성구 학하중앙로168번길 32,,,,,,,,,,비활성
대성철강 고성,고객업체 (판매),210330,안연화,도소매,"철강,철물건재",강원도 고성군 토성면 고성대로 77-5,,033-638-6330,,,,,,,,비활성
육일철물,고객업체 (판매),,,,,,,,,,,,,,,비활성
한국철물건재 예산,고객업체 (판매),,,,,,,,,,,,,,,비활성
형제철물공구 여수,고객업체 (판매),,문재순,도소매,"철물,건재",전남 여수시 웅천로 319 (웅천동),,,,,,,,,,비활성
신이테크,고객업체 (판매),,조성만,도소매외,기계부품외,"대전광역시 대덕구 대화로 160, 10동 106호(대화동, 산업용재유통상가)",,,,,,,,,,비활성
이미숙,고객업체 (판매),,,,,,,,,,,,,,,비활성
아재 주식회사,고객업체 (판매),210325,김은주,서비스.건설,토탈생활서비스,경남 거창군 거창읍 주곡로359,,,,,,,,,,비활성
영남문집 건축 자재마트,고객업체 (판매),,최상범,,"판넬,하이샷시등",경남 거창군 거창읍 중앙로1길 148-16,055-944-5343,055-943-7404,,,,,,,,비활성
철거(유팀장),고객업체 (판매),,,,,,,,,,,,,,,비활성
동명종합건재,고객업체 (판매),,신용승,,,충북 진천군 광혜원면 진광로 909-1,043-536-2033,043-536-2034,,,,,,,,비활성
신진종합상사,고객업체 (판매),210325,,,,,,,,,,,,,,비활성
한빛전자,고객업체 (판매),,,,,,,,,,,,,,,비활성
해안마트,고객업체 (판매),,,,,,,,,,,,,,,비활성
트윈바스,고객업체 (판매),210324-2,김영학,도소매외,욕실천정재외,"경기도 고양시 일산서구 장자길118번길; 27, 303동 101호(덕이동, 동문굿모닝힐아파트)",,,,,,,,,,비활성
영도철물,고객업체 (판매),,,,,,,,,,,,,,,비활성
미광철물,고객업체 (판매),,,,,,,,,,,,,,,비활성
세영종합상사,고객업체 (판매),210325,신미진,도소매,철물외,경상북도 경주시 용황로 36(황성동),,054-748-6046,,,,,,,,비활성
도개건재 박병찬,고객업체 (판매),,,,,,,,,,,,,,,비활성
영남목재건재,고객업체 (판매),,,,,전남 나주시 풍물시장2길 47,061-334-5267,,,,,,,,,비활성
김윤근,고객업체 (판매),,,,,대구시 북구 관음동로 13길 19(관음동)2층 오른쪽,,,,,,,,,,비활성
대성인력,고객업체 (판매),,,,,,,,,,,,,,,비활성
서정선,고객업체 (판매),,,,,,,,,,,,,,,비활성
결성축사,고객업체 (판매),,,,,,,,,,,,,,,비활성
두성철물,고객업체 (판매),,,,,,,,,,,,,,,비활성
대성종합건재 음성,고객업체 (판매),,이준희,,,충북 음성군 감곡면 장감로 217-10,043-881-0130,043-881-0131,,,,,,,,비활성
이재일,고객업체 (판매),,,,,,,,,,,,,,,비활성
신태식,고객업체 (판매),,,,,,,,,,,,,,,비활성
오미정,고객업체 (판매),,,,,,,,,,,,,,,비활성
동인PK,고객업체 (판매),,,,,,,,,,,,,,,비활성
태양철물,고객업체 (판매),,김종문,도소매,"공구,배관자재",충북 제천시 풍양로 133,043-646-9000,,,,,,,,,비활성
백운철물건재,고객업체 (판매),,,,,충북 제천시 백운면 원월리 84-1,,,,,,,,,,비활성
대명전기철물,고객업체 (판매),,,,,,,,,,,,,,,비활성
금산 대륙상사실장,고객업체 (판매),,,,,,,,,,,,,,,비활성
손득수,고객업체 (판매),,,,,,,,,,,,,,,비활성
도담창호,고객업체 (판매),,윤희정,도소매외,"창호,유리,금속구조물공사외",경상남도 진주시 집현면 남강로 1861,055-745-6799,055-763-6799,,,,,,,,비활성
복전철물자재,고객업체 (판매),,,,,,,,,,,,,,,비활성
덕암철물,고객업체 (판매),,박태웅,,,대전시 대덕구 덕암로 180 1층(평촌동),042-932-7399,,,,,,,,,비활성
장광석,고객업체 (판매),,,,,,,,,,,,,,,비활성
윤영권,고객업체 (판매),,,,,,,,,,,,,,,비활성
정일구,고객업체 (판매),,,,,,,,,,,,,,,비활성
김기수,고객업체 (판매),,,,,,,,,,,,,,,비활성
박정숙,고객업체 (판매),,,,,대전시 서구 둔산로201 국화아파트 301동209호호,,,,,,,,,,비활성
(주)전일,혼합 (판매+구매),,염귀철,도소매,용접봉외,"대전광역시 대덕구 대화로 160, ;5동 113호(대화동, 산업용재유통상가)",042-670-8988,042-670-8899,,,,,,,,비활성
성산하우징,고객업체 (판매),,,,,,,,,,,,,,,비활성
한성공영산업,고객업체 (판매),210311,이순덕,도소매,"건설자재,안전용품",경남 고성군 고성읍 무량로 24,055-673-5460,055-673-5461,,,,,,,,비활성
공간인테리어,고객업체 (판매),,,,,,,,,,,,,,,비활성
종로기업,고객업체 (판매),,,,,,,,,,,,,,,비활성
(주)피코전력,고객업체 (판매),,,,,,,,,,,,,,,비활성
남산철물건재,고객업체 (판매),,허승용,,"친모래,목재,건축자재등",경남 산청군 산청읍 웅석봉로 39,055-973-6747,,,,,,,,,비활성
신진철물,고객업체 (판매),,,,,,,,,,,,,,,비활성
태성농자재,고객업체 (판매),,배현애,,"자동개폐기,스프링쿨러,하우스등",충남 예산군 예산읍 충서로 1138,041-334-0447,041-334-0448,,,,,,,,비활성
..유영찬,고객업체 (판매),,,,,,,,,,,,,,,비활성
문장철물,고객업체 (판매),,,,,,,,,,,,,,,비활성
정인산업,고객업체 (판매),,이인중,,"건축자재,안전용품",충남 서산시 팔봉면 팔봉2로89 (진장리 899-3),041-673-9618,041-675-9618,,,,,,,,비활성
진성글로벌 주식회사,고객업체 (판매),210308-1,손유진,"도소매,건설업","건축자재,안전용품,기계공구","충남 아산시 탕정면 꾀꼴성길 103-5 ,1동",,,,,,,,,,비활성
진성산업,고객업체 (판매),,손유진,도소매,건축자재,"충청남도 아산시 탕정면 꾀꼴성길 103-5, 1동",,,,,,,,,,비활성
신일철물,고객업체 (판매),,,,,,,,,,,,,,,비활성
안계철물,고객업체 (판매),,,,,,,,,,,,,,,비활성
고려자원,고객업체 (판매),,,,,대전시 유성구 장대동 283-11,,,,,,,,,,비활성
금성철재,고객업체 (판매),,,,,,,,,,,,,,,비활성
사거리철물공구,고객업체 (판매),,서영준,도매및소매업,철물,전라남도 순천시 해룡면 남가리 803-2,,,,,,,,,,비활성
한밭공구자재백화점,고객업체 (판매),,김영대,,,경북 의성군 의성읍 문소3길 79,054-832-0311~2,054-832-0313,,,,,,,,비활성
속초종합철물건재,고객업체 (판매),210303-0,서명선,도매,일반철물,강원도 속초시 조양로 232(조양동),033-638-5775,033-635-1518,,,,,,,,비활성
건일철강종합건재,고객업체 (판매),,장영자,도매및소매업,건자재외,경상북도 안동시 경동로 318(송현동),054-857-3311,054-857-3314,,,,,,,,비활성
영양건재,고객업체 (판매),,,,,,,,,,,,,,,비활성
모서철강,고객업체 (판매),,,,,,,,,,,,,,,비활성
대안철물,고객업체 (판매),,,,,,,,,,,,,,,비활성
수안보철물 박병찬,고객업체 (판매),,,,,,,,,,,,,,,비활성
..공업사,고객업체 (판매),,,,,,,,,,,,,,,비활성
대동모터,고객업체 (판매),,,,,,,,,,,,,,,비활성
한계호,고객업체 (판매),,,,,강원도 철원군 동송읍 금학로201번길 9    106동404호,,,,,,,,,,비활성
(주)부원툴릭스,매입업체 (구매),,정연석,,,"대구광역시 북구 유통단지로5,20(신격동)",053-253-0884,053-253-0887-,,,,,,,,비활성
대일철물 정읍,고객업체 (판매),,,,,,,,,,,,,,,비활성
동성기계,고객업체 (판매),,,,,,,,,,,,,,,비활성
주선산업주식회사,고객업체 (판매),,김기봉,건설업외,철골및철근공사외,충청남도 금산군 진산면 웡골길 21(주선산업 주식회사),041-751-1165,041-751-1164,,,,,,,,비활성
흥동상회,고객업체 (판매),,,,,,,,,,,,,,,비활성
TOOL BOX,고객업체 (판매),,오길환,소매외,"철물,안전용품외",경상남도 하동군 하동읍 중앙로 76-1(툴박스),055-883-0945,,,,,,,,,비활성
지수건재철물,고객업체 (판매),,김선근,소매,철물,경상남도 진주시 지수면 지수로 498,055-754-5488,055-755-5488,,,,,,,,비활성
신영공구,고객업체 (판매),,이재엽,,"철물,공구,볼트,전기",경남 함안군 칠원읍 삼칠로 130,055-587-7772,055-587-7774,,,,,,,,비활성
신기철물,고객업체 (판매),,,,"공구,철물,pvc",,055-573-0070,,,,,,,,,비활성
진산건설,고객업체 (판매),,최홍서,"건설,도소매","금속구조물,창호등",강원도 강릉시 성덕포남로 168번안길 24(포남동),033-651-1818,033-651-6662,,,,,,,,비활성
대구보드샵,고객업체 (판매),,양진형,"소매,서비스업","스포츠용품 수리,정비",대구시 중구 태평로 154-2,,,,,,,,,,비활성
켐핑공작소,고객업체 (판매),,,,,,,,,,,,,,,비활성
형제농자재,고객업체 (판매),,신을환,,,전북 무주군 무풍면 실미길3,063-322-8841,,,,,,,,,비활성
미래공구상사,고객업체 (판매),,송호칠,,"예초기,엔진톱,철물공구등",경남 합천군 합천읍 옥산로59,055-933-6565,055-933-0655,,,,,,,,비활성
일성농자재백화점,고객업체 (판매),,장영자,,"철관,강관,하우스파이프등",경남 합천군 초계면 대동리 57번지,055-933-6892~3,055-933-6882,,,,,,,,비활성
신성철재,고객업체 (판매),,,,,,,,,,,,,,,비활성
한웅종합건자재,고객업체 (판매),,윤정우,도소매,건축자재,"강원도 동해시 효자로 708-2,2층(효가동)",033-521-0986,033-522-3032,,,,,,,,비활성
대흥철강,고객업체 (판매),,,,,충남 금산군 추부면 서산대로 62-4,041-754-3979,041-754-3979,,,,,,,,비활성
주식회사 오에스씨,고객업체 (판매),,남진명,,,경기도 시흥시 은행로22 신창테크노타운 205호~207호,031-312-4451,031-312-4452,,,,,,,,비활성
엘지종합건재,고객업체 (판매),,김기철,,건축자재일체,충북 영동군 양산면 금강로 1518-1,043-743-6264,043-745-0203,,,,,,,,비활성
동양공구,고객업체 (판매),,,,,,,,,,,,,,,비활성
제원철물,고객업체 (판매),,윤순용,,,충남 금산군 제원면 제원로16,041-753-9887,041-754-9886,,,,,,,,비활성
모던종합상사,혼합 (판매+구매),,최경민,도소매,철물,충북 진천군 진천읍 문화로 361,043-537-8828,043-537-8829,,,,,,,,비활성
영진철물(이천),고객업체 (판매),,조주현,,,경기도 이천시 설성면 설가로 8,031-641-5210,,,,,,,,,비활성
두손창호,고객업체 (판매),,,,,,,,,,,,,,,비활성
주식회사 오성툴스,고객업체 (판매),,장보성,,,"경기도 시흥시 은행로22, 207호(은행동,신창테크노타운)",031-312-5799,031-312-4452,,,,,,,,비활성
이현경,고객업체 (판매),,,,,강원도 속초시 하도문길 144 (대포동) 스테이모로,,,,,,,,,,비활성
조성건재,고객업체 (판매),,,,,,,,,,,,,,,비활성
충기업,고객업체 (판매),,,,,,,,,,,,,,,비활성
광영건재,고객업체 (판매),,정수환,,건축자재,경북 성주군 선남면 성주로 4152-14,054-933-7686,,,,,,,,,비활성
신진건재,고객업체 (판매),,허미란,,건축자재,경북 성주군 성주읍 성주읍4길32,054-933-2045,054-933-0088,,,,,,,,비활성
매곡농약아그로,고객업체 (판매),,백승명,,,충청북도 영동군 매곡면 민주지산로 3581,043-745-8331,043-745-8332,,,,,,,,비활성
진달래하우스,고객업체 (판매),,최영숙,건설업,주택리모델링,경상남도 거창군 마리면 거안로 1029,055-945-3358,055-945-3359,,,,,,,,비활성
영풍철물,고객업체 (판매),,,,,충북 영동군 황간면 남성2길 2,,,,,,,,,,비활성
명성종합상사,고객업체 (판매),,박현철,"도매,제조",농자재및철물,"전라남도 신안군 지도읍 서촌길16, B동1층",061-261-3366,061-261-8999,,,,,,,,비활성
대창조립식,고객업체 (판매),,,,,,,,,,,,,,,비활성
코리아그라인딩,고객업체 (판매),,송만기,도소매,호환성공구외,경기도 화성시 팔탄면 푸른들판로812,031-353-2754,031-353-2399,,,,,,,,비활성
이이앤지휀스,고객업체 (판매),,서희택,,,충북 청주시 흥덕구 오송읍 오송6길 16,043-214-2670,043-214-2671,,,,,,,,비활성
남일철물(유),고객업체 (판매),,,,,,,,,,,,,,,비활성
부흥천흥농약마트,고객업체 (판매),,김재현,,,충북 괴산군 청안면 괴산길 2115,043-832-6366,043-832-6376,,,,,,,,비활성
삼성공구,고객업체 (판매),,,,,,,,,,,,,,,비활성
김성배,고객업체 (판매),,,,,,,,,,,,,,,비활성
고덕면 고덕철물,고객업체 (판매),,,,,,,,,,,,,,,비활성
권정미,고객업체 (판매),,,,,부산시 부산진구 가야2동657-50 가야동원아파트 3동510호,,,,,,,,,,비활성
안면철물건재,고객업체 (판매),,최기성,,,,041-673-4071,041-673-4072,,,,,,,,비활성
박인규,고객업체 (판매),,,,,,,,,,,,,,,비활성
이현태,고객업체 (판매),,,,,경상북도 의성군 의성읍 경북대로  5829-5 신흥건조기,,,,,,,,,,비활성
(주)스페샬화인,고객업체 (판매),,허수탁,"건설,제조","창호,철물공사",경상북도 구미시 오태8길 28 (오태동),054-464-1641,054-464-0409,,,,,,,,비활성
에스툴종합상사,고객업체 (판매),,,,,"대구광역시 달서구 성서공단북로 161,(호산동)",053-719-3785,053-427-3785,,,,,,,,비활성
디엘산업,고객업체 (판매),,박남순,,,대구광역시 달성군 황원읍 명천로 304,,,,,,,,,,비활성
다인상사,고객업체 (판매),,심동철,도소매,안전용품외,"대전광역시 대덕구 대화로 155, 대화동공구상가 101호(대화동)",042-621-7578,042-621-7579,,,,,,,,비활성
동해도어,고객업체 (판매),,,,,,,,,,,,,,,비활성
신용자원,고객업체 (판매),,,,,,,,,,,,,,,비활성
철마종합상사,고객업체 (판매),,최정숙,,,울산광역시 중구 학성로26 (성남동),,,,,,,,,,비활성
조영민,고객업체 (판매),,조영민,,,대구광역시 동구 팔공로26길 25-1(불로동) 2층,,,,,,,,,,비활성
문창유압호스,고객업체 (판매),201223-2,이주학,도소매,배관자재,전남 목포시 산정공단로 35-1,,,,,,,,,,비활성
성은,고객업체 (판매),,엄승현,도매및소매외,,충청북도 충주시 행정5길 11(목행동),,0504-332-7649,,,,,,,,비활성
미성공구,고객업체 (판매),,,,,,,,,,,,,,,비활성
대한철물(풍양),고객업체 (판매),,,,,,,,,,,,,,,비활성
대성철물(진보),고객업체 (판매),,,,,,,,,,,,,,,비활성
박성수,고객업체 (판매),,,,,경주시 산내면 문복로 197 모아마트 신축상가 201호,,,,,,,,,,비활성
김종옥,고객업체 (판매),,,,,경상남도 진주시 솔밭로139번길 12(상대동) 조은빌라 1층상가,,,,,,,,,,비활성
권순봉,고객업체 (판매),,,,,충남 청양군 남양면 구용길 394-32(남양면),,,,,,,,,,비활성
신우전기,고객업체 (판매),201216-3,서영석,,,경기도 고양시 덕양구 화랑로 161(화전동),02-336-1321,02-337-8648,,,,,,,,비활성
만식식구점,고객업체 (판매),,,,,,,,,,,,,,,비활성
세신철물(후포),고객업체 (판매),,,,,,,,,,,,,,,비활성
대흥철물(죽변),고객업체 (판매),,,,,,,,,,,,,,,비활성
동창산업,고객업체 (판매),,유동곤,,,충남 당진시 채운동 358-3,041-356-6640,041-353-3377,,,,,,,,비활성
신광철물,고객업체 (판매),,정민상,소매,철물,충청남도 태안군 안면읍 응지마을길 34,,,,,,,,,,비활성
기호공구,고객업체 (판매),,강권수,도소매,건축자재외,경상남도 진주시 대신로 323-2(하대동),,055-755-2131,,,,,,,,비활성
대성철강 (태백),고객업체 (판매),,유성종,,,강원도 태백시 태백로 818(황지동),033-553-3800,033-553-3802,,,,,,,,비활성
주식회사 다산이앤지,고객업체 (판매),,김영배,,,경기도 남양주시 오남읍 진건오남로 708번길 39-1,031-575-6684,031-575-6686,,,,,,,,비활성
에스엠툴,고객업체 (판매),,,,,,,,,,,,,,,비활성
두남전기,고객업체 (판매),,,,,,,,,,,,,,,비활성
(주)조광,고객업체 (판매),,,,,,,,,,,,,,,비활성
혜림화학,매입업체 (구매),,,,,,,,,,,,,,,비활성
우일종합상사,고객업체 (판매),,박혜경,,,충남 예산군 예산읍 벚꽃로 497,041-333-2289,041-333-2299,,,,,,,,비활성
김상훈,고객업체 (판매),,,,,전라북도 장수군 계북면 임평리 152-1,,,,,,,,,,비활성
한성철공소,고객업체 (판매),,,,,,,,,,,,,,,비활성
생보뱅코리아 주식회사,고객업체 (판매),,이석우,제조업,연마재,"인천광역시 연수구 첨단대로 124번길 34(송도동, 생고뱅코리아)",,,,,,,,,,비활성
유일공구,고객업체 (판매),,,,,,,,,,,,,,,비활성
안동철물,고객업체 (판매),,,,,,,,,,,,,,,비활성
그린환경,고객업체 (판매),,,,,,,,,,,,,,,비활성
강진철물,고객업체 (판매),,,,,,,,,,,,,,,비활성
터미널철물,고객업체 (판매),,,,,,,,,,,,,,,비활성
오서철강,고객업체 (판매),,,,,,,,,,,,,,,비활성
대성철물건재공구,고객업체 (판매),,신용길,,,청주시 청원구 오창읍 두룡유리로1122,043-216-1424,043-216-1425,,,,,,,,비활성
대일방수포장,고객업체 (판매),,,,,,,,,,,,,,,비활성
늘봄철물,고객업체 (판매),,,,,,,,,,,,,,,비활성
두산종합건재,고객업체 (판매),,김영수,건설업외,조경외,충청북도 진천군 덕산읍 용몽로 55,043-536-9898,043-536-9900,,,,,,,,비활성
주식회사오에스씨,고객업체 (판매),,남진명,제조업,전기기계,"경기도 시흥시 은행로 22(은행동,신창테크노타운 205호 -207호)",031-312-4451,031-312-4452,,,,,,,,비활성
현대상사,고객업체 (판매),,,,,,,,,,,,,,,비활성
군위종합공구,고객업체 (판매),,,,,,,,,,,,,,,비활성
안계건재,고객업체 (판매),,,,,,,,,,,,,,,비활성
대성공업사,고객업체 (판매),,,,,,,,,,,,,,,비활성
신진선구,고객업체 (판매),,,,,,,,,,,,,,,비활성
진영ENG,고객업체 (판매),,,,,,,,,,,,,,,비활성
재현상사,혼합 (판매+구매),,박중현,도.소매,전기전자공구철물외,"대전 대덕구 대화로 160, 18-117",042-621-6363,,,,,,,,,비활성
계룡건축자재상사,고객업체 (판매),,안병우,,,대전시 유성구 자운동 21-1번지,042-863-2925,042-863-2926,,,,,,,,비활성
명성기계,고객업체 (판매),,허명석,,,충남 논산시 대교동 149번지,041-735-5868,,,,,,,,,비활성
초원농약농자재,고객업체 (판매),,강희철,,,충남 논산시 양촌면 매죽헌로 1694,041-742-8839,041-742-8837,,,,,,,,비활성
주암철물,고객업체 (판매),,,,,,,,,,,,,,,비활성
한성농자재,혼합 (판매+구매),,이명숙,도소매외,파이프외,충북 영동군 영동읍 영동황간로 461,043-744-4508,043-745-7978,,,,,,,,비활성
삼화전기철물,고객업체 (판매),,정창웅,,,경남 통영시 무전동 375-8 (오복웨딩홀앞,055-648-5678,,,,,,,,,비활성
세일철물상사,고객업체 (판매),,김대현,,,경남 통영시 멘데해안길 17,055-645-4333,055-649-4333,,,,,,,,비활성
우주산업,고객업체 (판매),,전재훈,도매,고철,"대구광역시 서구 북비산로59,3층",,053-522-2825,,,,,,,,비활성
태전철물,고객업체 (판매),,최만순,,,충남 계룡시 두마면 팔거리로 124 계룡역앞,042-841-5937,,,,,,,,,비활성
연풍철물,고객업체 (판매),,현종태,,,충북 괴산군 연풍면 평촌리685,043-833-1637,,,,,,,,,비활성
부강기업,고객업체 (판매),,관리부장 김재민,,,충북 충주시 금가면 감가복길1,043-853-388,043-853-9822,,,,,,,,비활성
제일건재철물,고객업체 (판매),,김명영,,,충북 청주시 상당구 문의면 문의시내로 51-5(면사무소 정문앞),043-293-7102,,,,,,,,,비활성
병천농자재,고객업체 (판매),,김영건,,,충남 천안시 병천면 병천1로 87,041-562-8112,041-562-8111,,,,,,,,비활성
대한철물철강,고객업체 (판매),,이재철,,,충남 공주시 유구읍 석남 중앙2길 80-8,041-841-9001,041-841-6174,,,,,,,,비활성
부흥철물건재,고객업체 (판매),,한동엽,,,경기도 평택시 안중읍 송담2로 94,031-683-0998,031-683-0993,,,,,,,,비활성
에프엠컨테이너,고객업체 (판매),,최종형,제조업,소자장체(콘테이너),인천광역시 중구 축향대로118번길 189(항동7가),,0507-0328-7965,,,,,,,,비활성
동진안전공구,고객업체 (판매),,김인서,도소매외,안전용품외,"전라북도 군산시 새만금북로 201, 1층 101호(오식도동)",,,,,,,,,,비활성
서부종합건재,고객업체 (판매),,김용문,,,충남 홍성군 서부면 이호길 69,041-632-8094,,,,,,,,,비활성
아름다운철물점,고객업체 (판매),,박성진,,,충남 아산시 온천대로 1716,041-547-6777,041-547-9777,,,,,,,,비활성
태승철물상사,고객업체 (판매),,이순희,,,충남 아산시,041-548-9932,041-548-932,,,,,,,,비활성
선두농자재,고객업체 (판매),,,,,충남 아산시 영인면 영인로 337,041-531-8011,041-533-8049,,,,,,,,비활성
김순규,고객업체 (판매),,,,,전북 정읍시 동학로 43,,,,,,,,,,비활성
유니콘ENG,고객업체 (판매),,신동열,,,충남 금산군 금산읍 중도리 43-6번지,041-751-5445,041-751-5446,,,,,,,,비활성
은진테크,고객업체 (판매),,김성기,제조업,부품가공,충청북도 괴산군 괴산읍 대제산단5길 6,,,,,,,,,,비활성
삼진세이프티,매입업체 (구매),,박점식,도소매,단체복 안전용품,대전시 대덕구 대화로 160 3동 11호,042-670-6311,042-670-6313,,,,,,,,비활성
늘봄종합철물,고객업체 (판매),,임동술,,,충남 예산군 오가면 윤봉길로1983-30,041-332-3404,041-335-3404,,,,,,,,비활성
오가철물,고객업체 (판매),,,,,충남 예산군 예산로 8,041-334-6787,,,,,,,,,비활성
주식회사 한국테크원,고객업체 (판매),,김창환 김희섭,도매및소매업,건자재,경북 상주시 아리랑로 5 (복룡동),054-531-9456,054-531-9453,,,,,,,,비활성
하나테크,고객업체 (판매),,,,,3동,,,,,,,,,,비활성
우근건설주식회사,고객업체 (판매),,이사 서승진,창호 철물 시트판넬,,대전광역시 대덕구 오정로37번길 29,042-672-2800,042-672-2838,,,,,,,,비활성
우신기업,고객업체 (판매),201028-02,김동명,도매업 및 소매업,철물,전라남도 완도군 신지면 신리 568-1,,,,,,,,,,비활성
태양수도종합상사,고객업체 (판매),,,,,충남 태안군 태안읍 남문1리 581-2,041-674-0132,,,,,,,,,비활성
(주)인호테크,고객업체 (판매),,,,,,,,,,,,,,,비활성
한일공구모타,고객업체 (판매),201027-09,정상섭,도소매업,모터펌프외,강원도 화천군 화천읍 상승로 81,,,,,,,,,,비활성
한국기업 김정현,고객업체 (판매),,,,,,,,,,,,,,,비활성
두성전기,고객업체 (판매),201026-01,김영숙,도소매,전기재료외,강원도 동해시 부곡1길 23(부곡동),033-535-0470,033-533-0473,,,,,,,,비활성
삼원철물,고객업체 (판매),,,,,,,,,,,,,,,비활성
풍산공업,고객업체 (판매),201025-01,선용덕,도소매외,농자재외,대전광역시 유성구 한밭대로259번길 73-3(노은동),042-824-1906,042-823-9497,,,,,,,,비활성
영성이엔지,고객업체 (판매),,,,,,,,,,,,,,,비활성
제일건재,고객업체 (판매),,,,,충주,,,,,,,,,,비활성
예성철강,고객업체 (판매),,,,,충주,,,,,,,,,,비활성
한웅,고객업체 (판매),201022-10,하재구,도매및소매업외,안전용품외,강원도 태백시 태백로 856(황지동),033-553-0622,033-553-0623,,,,,,,,비활성
홍천건재,고객업체 (판매),,,,,제천,,,,,,,,,,비활성
한성네온,고객업체 (판매),,김원태,제조업외,간판및광고물외,경기도 남양주시 진건읍 독정로성지2길 90,031-574-1538,031-528-1408,,,,,,,,비활성
대지공구,고객업체 (판매),,,,,,,,,,,,,,,비활성
(주)그리스,고객업체 (판매),,,,,,,,,,,,,,,비활성
대영정공,고객업체 (판매),,전강균,,,경기도 시흥시 정왕동 1267번지 시화공단2다 501호,031-497-6259,031-497-6505,,,,,,,,비활성
이성준,고객업체 (판매),,,,,경기 구리시 건원대로99번길112(동문굿모닝힐)104동 1002호,,,,,,,,,,비활성
동진건축자재백화점,고객업체 (판매),,,,,경상북도 울릉군 울릉읍 울릉순환로395,,,,,,,,,,비활성
서영테크,고객업체 (판매),,박윤구,도소매,안전장비외,충청남도 당진시 송산면 송산로 872,041-358-9910,02-2179-8509,,,,,,,,비활성
365종합산업,고객업체 (판매),,김은주,도매및소매업,안전용품외,충청남도 서천군 서면 서인로 745,041-953-3655,041-953-3605,,,,,,,,비활성
(주)동서울시스템공조,고객업체 (판매),201016-03,조영휘,도소매외,냉난방기외,경기도 화성시 동탄지성로 416-31(반월동),031-8005-7460,031-8005-7461,,,,,,,,비활성
디엠피정공,고객업체 (판매),201016-08,김정숙,제조,자동화기계,부산광역시 강서구 대저2동 4716-2 B동,,,,,,,,,,비활성
주식회사한솔농자재철강,고객업체 (판매),201016-01,"양동주,양승용",도소매외,농자재외,전라남도 보성군 벌교읍 채동선로 163,,061-857-3995,,,,,,,,비활성
리얼스틸,고객업체 (판매),,,,,청주,,,,,,,,,,비활성
현대철물(박병찬),고객업체 (판매),,,,,원주,,,,,,,,,,비활성
유성합판목재,고객업체 (판매),,,,,,,,,,,,,,,비활성
대진건축,고객업체 (판매),,,,,,,,,,,,,,,비활성
카드매출,고객업체 (판매),,,,,,,,,,,,,,,비활성
예림,고객업체 (판매),,김병규,도매,안전용품외,경기도 남양주시 경춘로 767,070-8874-6781,031-592-6784,,,,,,,,비활성
현대종합상사,고객업체 (판매),201013-02,김응구,소매업외,철물외,경상북도 경주시 외동읍 구어2산단로5길 63,054-624-0904,054-624-0982,,,,,,,,비활성
한성,고객업체 (판매),,,,,,,,,,,,,,,비활성
(주)동성조선,고객업체 (판매),,김수환,제조외,조선외,경상북도 포항시 남구 운하로 239(송도동),,,,,,,,,,비활성
세계가설재,고객업체 (판매),,조남숙,도매및소매업,건축자재,경상북도 포항시 남구 오천읍 세계리 603-2,,,,,,,,,,비활성
조선소(박병찬),고객업체 (판매),,,,,,,,,,,,,,,비활성
정스텐,고객업체 (판매),,,,,,,,,,,,,,,비활성
구례서성선,고객업체 (판매),,,,,,,,,,,,,,,비활성
관촌철물,고객업체 (판매),,,,,,,,,,,,,,,비활성
건우하우징랜드,고객업체 (판매),,,,,김천 구미,054-437-1110,054-437-2288,,,,,,,,비활성
도개건재,고객업체 (판매),,,,,경북 구미시 도개면 도안로 139,,,,,,,,,,비활성
대영종합상사.,고객업체 (판매),201012-02,주경순,도매업외,철물외,충남 공주시 신관로 67,041-857-2003,041-857-5889,,,,,,,,비활성
대신금속,고객업체 (판매),,,,,,,,,,,,,,,비활성
신대종합상사,고객업체 (판매),201008-03,이일남,소매업외,"철물,공구외",전라남도 순천시 해룡면 상성길 25,061-722-4442,061-722-4472,,,,,,,,비활성
유제,고객업체 (판매),,,,,구룡포,,,,,,,,,,비활성
성광건재철물종합상사,고객업체 (판매),,김시정,도소매,건축자재외,경상북도 안동시 풍산읍 풍산중앙길 87,054-855-6060,054-855-6068,,,,,,,,비활성
만물종합상사,고객업체 (판매),,,,,안동,,,,,,,,,,비활성
부흥철물,고객업체 (판매),,,,,충남 태안군 고남면 안면대로 4236-1,,,,,,,,,,비활성
인면공사,고객업체 (판매),,,,,,,,,,,,,,,비활성
부흥건설,고객업체 (판매),,,,,,,,,,,,,,,비활성
거산툴,혼합 (판매+구매),,홍가람,,,대전 대덕구 대화로 160; 2동 122호,,,,,,,,,,비활성
고창철물,고객업체 (판매),,,,,,,,,,,,,,,비활성
수도엔지니어링주식회사,고객업체 (판매),200925-06,김남규,건설업외,기계설비공사외,"대구광역시 동구 옻골로8길 17, 1층(부동)",053-964-2461,053-964-6773,,,,,,,,비활성
창신건재,고객업체 (판매),200924-06,김주현,도.소매업외,"철물,건재외","경상북도 칠곡군 약목면 약목로7길 2, C동",054-973,054-976-0989,,,,,,,,비활성
인제종합건재,고객업체 (판매),,,,,인제,,,,,,,,,,비활성
의성농자재,고객업체 (판매),,,,,의성,,,,,,,,,,비활성
우리철물,고객업체 (판매),,,,,의성,,,,,,,,,,비활성
한양철강,고객업체 (판매),,,,,,,,,,,,,,,비활성
태안마트,고객업체 (판매),,,,,,,,,,,,,,,비활성
선진철물마트,고객업체 (판매),200921-05,배숙진,도.소매업,"철물,공구외",경상북도 문경시 여중3길 9(모전동),054-554-1704,054-554-1705,,,,,,,,비활성
신흥종합건재(박병찬),고객업체 (판매),,,,,,,,,,,,,,,비활성
용문농협단월지점,고객업체 (판매),,,,,,,031-775-8436,,,,,,,,비활성
황선근팀장,고객업체 (판매),,,,,,,,,,,,,,,비활성
풍농비료하동대리점,고객업체 (판매),,최진백,소매업,"비료,건축자재외",경상남도 하동군 옥종면 옥종중앙길 81(풍농비료),,,,,,,,,,비활성
호남건재,고객업체 (판매),,,,,,,,,,,,,,,비활성
백제종합상사,고객업체 (판매),,,,,,,,,,,,,,,비활성
양평건재,고객업체 (판매),,,,,,,,,,,,,,,비활성
대성건재,고객업체 (판매),,박민성,도소매,"건재,철물외",경기도 여주시 능서면 신지리 809-2,031-883-8806,031-883-8874,,,,,,,,비활성
서원전기,고객업체 (판매),200917-04,김성률,건설외,조명공사외,"서울특별시 서초구 효령로 230, 102호(서초동)",02-587-9452,02-587-8852,,,,,,,,비활성
금강철물공구,고객업체 (판매),200916-05,조영태외 1명,도소매,철물외,충북 청주시 흥덕구 오송읍 오송가락로 255,,,,,,,,,,비활성
국일철물,고객업체 (판매),,,,,충남 예산군 응봉면 응봉로 160,,,,,,,,,,비활성
신성ENG,고객업체 (판매),,박순자,건설업외,철거공사업외,"충청북도 진천군 진천읍 문덕1길 36,103동 403호(우미아파트)",,,,,,,,,,비활성
GNB,고객업체 (판매),,오성일,,,제천,,,,,,,,,,비활성
상신철물,고객업체 (판매),,,,,괴산,,,,,,,,,,비활성
(주)부건,고객업체 (판매),200914-05,빈현욱,건설업,금속구조물 및 창호공사,경상남도 진주시 집현면 진주성로 706,055-763-2291,055-763-2297,,,,,,,,비활성
영진농자재,고객업체 (판매),,,,,,,,,,,,,,,비활성
신탄건설공구,고객업체 (판매),,,,,대전광역시 대덕구 신탄진로 842,042-933-3351,042-933-3352,,,,,,,,비활성
G2,고객업체 (판매),카드,,,,,,,,,,,,,,비활성
고려철재천막,고객업체 (판매),,,,,충북 진천군 광혜원면 진광로 1315,043-537-9667,043-537-9668,,,,,,,,비활성
풍진산업,고객업체 (판매),,조찬석,,,충남 예산군 신암면 추사로 162,041-335-7981,041-335-7981,,,,,,,,비활성
대선철물,고객업체 (판매),,,,,,,,,,,,,,,비활성
진주함석,고객업체 (판매),,,,,,,,,,,,,,,비활성
대풍농자재백화점,고객업체 (판매),,배형복,도소매,농약외,전라남도 강진군 강진읍 청자로 26,061-432-1223,061-433-1225,,,,,,,,비활성
우성샷시,고객업체 (판매),,,,,,,,,,,,,,,비활성
삼양연마(주)전북영업소,매입업체 (구매),,유석현,,,전북 익산시 평동로 620-1(인화동1가),063-858-4845,063-858-4835,,,,,,,,비활성
성호전기소방(주),고객업체 (판매),,정천수,건설업,전기공사외,경상북도 울진군 울진읍 울진중앙로 191(성호조명공사),054-783-8331,054-783-4335,,,,,,,,비활성
삼구이칠농자재,고객업체 (판매),,형길자,도소매업외,1차금속제품외,제주특별자치도 서귀포시 남원읍 한신로 137,064-764-4427,064-764-4476,,,,,,,,비활성
서울건재,고객업체 (판매),,,,,,,,,,,,,,,비활성
서해종합철물,고객업체 (판매),,,,,,,,,,,,,,,비활성
(주)나은건설,고객업체 (판매),,임철술,건설업,"금속구조물외
이메일",경상남도 진주시 명석면 나불로 316,,,,,,,,,,비활성
신성기계공업사,고객업체 (판매),,,,,,,,,,,,,,,비활성
신흥,혼합 (판매+구매),,,,,,,,,,,,,,,비활성
거산종합상사,고객업체 (판매),200826-05,김지윤,도매외,조명기구외,강원도 태백시 태백로 850(황지동),033-552-3734,033-553-3734,,,,,,,,비활성
김태환,고객업체 (판매),,,,,,,,,,,,,,,비활성
주덕공구볼트,고객업체 (판매),,박종문,소매,공구볼트,충북 충주시 주덕읍 신양리136-4,,,,,,,,,,비활성
강원공구,고객업체 (판매),,,,,강원도 양양군 손양면 동해대로 2493-1,033-673-0989,033-672-6915,,,,,,,,비활성
대성철강,고객업체 (판매),,안연화,도매및소매업외,"철강,철물건재외",강원도 고성군 토성면 고성대로 77-5,,033-638-6330,,,,,,,,비활성
용산종합건재,고객업체 (판매),,정진수,소매,건축자재,충북 영동군 용산면 용산로 361,,,,,,,,,,비활성
주식회사 태광전기,고객업체 (판매),,박진호,도소매,전기 전자제품외,전라북도 익산시 평동로 608(평화동),,,,,,,,,,비활성
한진공구,고객업체 (판매),,,,,,,,,,,,,,,비활성
대한철강,고객업체 (판매),,,,,,,,,,,,,,,비활성
오스람전기,고객업체 (판매),,,,,,,,,,,,,,,비활성
스틸박스,고객업체 (판매),,,,,,,,,,,,,,,비활성
환영건축자재마트,고객업체 (판매),,이종은,도매및소매업,건축자재,경기도 안성시 일죽면 금일로 473-1,,,,,,,,,,비활성
덕일철물,고객업체 (판매),200813-01,김현철,도매및소매업,"철물,건재",경상북도 김천시 아포대로 22(덕곡동),054-431-0808,,,,,,,,,비활성
삼원공구철물,고객업체 (판매),200812-05,장일용,도소매,철물점,전라북도 완주군 봉동읍 과학로 720,063-262-0777,063-262-0778,,,,,,,,비활성
우주종합건재,고객업체 (판매),,,,,태백,,,,,,,,,,비활성
금강농자재(유),고객업체 (판매),,,,,,,,,,,,,,,비활성
유한회사영재이엠(EM),고객업체 (판매),,주성희,제조업외,금속가공외,광주광역시 서구 천변좌로 88(농성동),,,,,,,,,,비활성
구산농장,고객업체 (판매),,,,,,,,,,,,,,,비활성
문현동,혼합 (판매+구매),,,,,,,,,,,,,,,비활성
새손전기,고객업체 (판매),,,,,,,,,,,,,,,비활성
척산종합철물건재,고객업체 (판매),,신경관,,,충북 청원군 남이면 척산1구 296-8,043-269-0636,,,,,,,,,비활성
성전철물,고객업체 (판매),,,,,,,,,,,,,,,비활성
삼복산업(주),고객업체 (판매),200803-06,김주성,제조업외,산업및건설안전용품외,강원도 삼척시 근덕면 삼척로 3643(한일회관),033-531-7343,033-531-7999,,,,,,,,비활성
삼성철물,고객업체 (판매),,,,,,,,,,,,,,,비활성
혜성철강(주),고객업체 (판매),,성낙서,"도매,소매",철재류및철관,대전광역시 대덕구 한남로150번길 95(오정동),042-672-0863,042-635-0863,,,,,,,,비활성
세기철물상회,고객업체 (판매),,채수일,소매업,철물,충남 보령시 중앙로 31,041-935-3145,,,,,,,,,비활성
정원부속,고객업체 (판매),,,,,,,,,,,,,,,비활성
홍성호철물,고객업체 (판매),,,,,,,,,,,,,,,비활성
현대종합공구,고객업체 (판매),200721-06,김진국,도소매업외,"철물,기계공구외","대전광역시 대덕구 오정로;109번길 16-20, 다동(오정동)",,,,,,,,,,비활성
남일철물(광주),고객업체 (판매),,,,,,,,,,,,,,,비활성
대덕철물,고객업체 (판매),,,,,,,,,,,,,,,비활성
중앙철물,고객업체 (판매),,,,,장흥,,,,,,,,,,비활성
대부상사,고객업체 (판매),200826-01,김명신,도소매,농자재외,전라남도 나주시 산포면 송림산제길 167,061-331-1004,061-337-0082,,,,,,,,비활성
동산철물,고객업체 (판매),,,,,장흥,,,,,,,,,,비활성
주식회사태양철물공구,고객업체 (판매),,김동주,도소매업외,"철물,공구외",전라남도 여수시 소라면 죽림중앙로 7-8,061-691-1091,061-685-7887,,,,,,,,비활성
주식회사무등건축자재동화마루,고객업체 (판매),,이종재,제조업외,건축자재,제주특별자치도 제주시 아연로 423(오등동),064-723-6100,064-723-6102,,,,,,,,비활성
(주)대보스틸,고객업체 (판매),,남충현,제조외,기계부품,충청남도 금산군 추부면 분턱골길 40(㈜대보스틸),041-754-6466,,,,,,,,,비활성
대성종합자재,고객업체 (판매),,,,,,,,,,,,,,,비활성
대륙상사,고객업체 (판매),200709-02,이재경,소매업,철물,충북 옥천군 옥천읍 금구리 112-14,,,,,,,,,,비활성
복동철물,고객업체 (판매),,,,,,,,,,,,,,,비활성
천년콘테이너,고객업체 (판매),,,,,,,,,,,,,,,비활성
에스건재철물,고객업체 (판매),,채종석,도소매업,건축자재외,충청남도 보령시 주교면 대천방조제로 850-14,,,,,,,,,,비활성
광명철물농자재,고객업체 (판매),,신동은,,,충남 예산군 예산읍 신례원 284-8(용골길-1번지),041-334-5757,041-334-7575,,,,,,,,비활성
삼성스틸,고객업체 (판매),,,,,,,,,,,,,,,비활성
태영설비,고객업체 (판매),카드,,,,충북 청주시 청주시 상당구 단재로2872(미원면 구방리 266번지),,,,,,,,,,비활성
태성ENG,고객업체 (판매),,,,,,,,,,,,,,,비활성
예당철강,고객업체 (판매),,,,,,,,,,,,,,,비활성
나성자원,고객업체 (판매),,나용환,도소매업,고철 재활용,충청남도 논산시 중앙로505번길 45(부창동),,,,,,,,,,비활성
(주)조흥,고객업체 (판매),,,,,,,,,,,,,,,비활성
유니온,고객업체 (판매),,,,,,,,,,,,,,,비활성
제일기업,고객업체 (판매),,,,,서울특별시 성북구 동소문로3길 129,,,,,,,,,,비활성
첨산종합자재,고객업체 (판매),,박성모,도소매외,상하수도자재외,전라남도 순천시 해룡면 상성길 95,,061-723-4333,,,,,,,,비활성
청화MRO,고객업체 (판매),,나정윤,도소매외,"공구,철물외","충청남도 당진시 송악읍 북부산업로; 1038, B동 105,106호(송악타운)",041-358-0989,041-358-1110,,,,,,,,비활성
거성건설,고객업체 (판매),,,,,,,,,,,,,,,비활성
황반장님,고객업체 (판매),,,,,,,,,,,,,,,비활성
제일철물기공,고객업체 (판매),,이주석,도소매,"철물,인테리어",경기도 성남시 분당구 두밀로 306(대장동),031-711-0925,,,,,,,,,비활성
유진철물,고객업체 (판매),,,,,,,,,,,,,,,비활성
주식회사종합기공,고객업체 (판매),,,,,,,,,,,,,,,비활성
에쿠스코리아,고객업체 (판매),,김용수,도.소매외,기타무역업외,경상남도 진주시 판문로 270(판문동),,,,,,,,,,비활성
두영스텐,고객업체 (판매),카드,,,,,,,,,,,,,,비활성
금강하우징(제주),고객업체 (판매),,,,,,,,,,,,,,,비활성
성수판넬,고객업체 (판매),,,,,제주도,,,,,,,,,,비활성
남창,고객업체 (판매),,,,,,,,,,,,,,,비활성
주식회사에어시스,고객업체 (판매),200623-05,민해숙,도소매외,에어컨및냉난방자재외,제주특별자치도 제주시 연삼로 243(오라일동),064-751-3368,064-759-3368,,,,,,,,비활성
대한화학,고객업체 (판매),,,,,제주도,,,,,,,,,,비활성
탐나철공소,고객업체 (판매),,,,,제주도,,,,,,,,,,비활성
대한철물,고객업체 (판매),,,,,제주도,,,,,,,,,,비활성
양정철강,고객업체 (판매),,,,,,,,,,,,,,,비활성
효성철물,고객업체 (판매),,,,,,,,,,,,,,,비활성
수경이엔지,고객업체 (판매),,,,,,,,,,,,,,,비활성
생고뱅코리아,고객업체 (판매),,,,,,,,,,,,,,,비활성
보미철물농자재,고객업체 (판매),,,,,충남 홍성군 구항면 구항길61번길 74,041-634-5353,041-634-5858,,,,,,,,비활성
보광하우징,고객업체 (판매),200617-03,홍영화,건설업외,온실시공외,경상남도 진주시 진산로 431(장재동),055-758-2277,055-759-2287,,,,,,,,비활성
현주창호,고객업체 (판매),,,,,,,,,,,,,,,비활성
한국산업,고객업체 (판매),,,,,충남 서산시 수석순환로 78,041-665-6489,041-662-8368,,,,,,,,비활성
오성냉열,고객업체 (판매),,,,,,,,,,,,,,,비활성
서부유리,고객업체 (판매),,,,,,,,,,,,,,,비활성
중고농기계,고객업체 (판매),,,,,,,,,,,,,,,비활성
로하스건설,고객업체 (판매),,,,,,,,,,,,,,,비활성
대한툴철물,고객업체 (판매),,,,,충남 보령시 보령북로 107,041-935-5300,041-935-5301,,,,,,,,비활성
태양철물(청양),고객업체 (판매),,,,,충남 청양군 정산면 정현길 75,041-943-6988,041-942-6991,,,,,,,,비활성
금성공구건재,고객업체 (판매),,,,,세종시 전의면 읍내리 운주산로 1298,044-863-8119,044-863-0399,,,,,,,,비활성
주식회사 한국종합철강,고객업체 (판매),,김시룡,제조업 도소매업,금속가공제품,강원도 강릉시 강동면 율곡로 2036-1 가동 1층,033-920-6622,033-647-6623,033-920-6622,,,,,,,비활성
우리케이블주식회사,고객업체 (판매),,민서준,도소매외,"전기,통신외",경기도 남양주시 양정로 93-2(일패동),031-529-3669,031-529-2971,,,,,,,,비활성
정읍산림조합,고객업체 (판매),,장학수,도소매,안전관리장비 및 용품,전라북도 정읍시 명덕1길 60(수성동),,,,,,,,,,비활성
상호철물건재,고객업체 (판매),,,,,충남 천안시 서북구 성환16길 30,041-581-2624,041-588-2624,,,,,,,,비활성
양성종합건재,고객업체 (판매),,,,,충주시 양성면 가곡로1398,043-855-0972,043-855-0973,,,,,,,,비활성
(주)세종건축자재백화점,고객업체 (판매),200602-01,조석현,도소매,건축자재,세종특별자치시 금남면 안금로513-17,,,,,,,,,,비활성
대전철물,혼합 (판매+구매),,,,,연무대,,,,,,,,,,비활성
남일철물,고객업체 (판매),,,,,,,,,,,,,,,비활성
대경철물,고객업체 (판매),,,,,,,,,,,,,,,비활성
동화철물,고객업체 (판매),,문지원,도매및소매업외,철물외,세종특별자치시 소정면 소정구길 182,,,,,,,,,,비활성
미조유압기계제작소,고객업체 (판매),,정안국,,,경남 남해군 미조면 미조리 168-45,055-867-7347,055-867-3228,,,,,,,,비활성
삼성철강,고객업체 (판매),,,,,,,,,,,,,,,비활성
최인수,고객업체 (판매),,최인수,,,전라북도 김제시 백구7길 125-25,,,,,,,,,,비활성
화천철물건재(화천),고객업체 (판매),,김동춘,도소매,건축자재,강원도 화천군 화천읍 노신로 34,033-442-0080,033-442-6900,,,,,,,,비활성
대평종합건재,혼합 (판매+구매),,도은실,도소매,농자재 건자재,경북 문경시 문경읍 새재로336,,,,,,,,,,비활성
이춘식(한빛건설),고객업체 (판매),,,,,원주시 문막읍 원문로 1700;서원주코아루아파트 111동104호,,,,,,,,,,비활성
대영철물,고객업체 (판매),,이태로,,,충남 서산시 부석면 취평2길 7-1,,,,,,,,,,비활성
화신건재설비상사,고객업체 (판매),,이정영,도소매,기타건축재료철물및난방창,경상남도 함안군 가야읍 함마대로 1516(화신건재),055-582-1525,,,,,,,,,비활성
전의건재사,고객업체 (판매),,,,,세종시 전의면 운주산로 1248,044-862-3440,,,,,,,,,비활성
고산전기,고객업체 (판매),,,,,,,,,,,,,,,비활성
초원상사,고객업체 (판매),,,,,세종시 전의면 읍내황골1길 81,044-863-2861,,,,,,,,,비활성
고려맨홀철물건재,고객업체 (판매),200518-04,안계림,도매및소매,맨홀 철물,충북 청주시 흥덕구 강내면 가로수길  495,,,,,,,,,,비활성
지용희,고객업체 (판매),,지용희,,,충북 청주시 상당구 서운동 48-7,,,,,,,,,,비활성
홍익배관철물,고객업체 (판매),200515-03,최춘영,소매,철물,"충청남도 천안시 동남구 서부대로 554(봉명동, (주)서진)",041-574-3483,041-573-6850,,,,,,,,비활성
감문철물점,고객업체 (판매),,,,,경북 김천시 감문면 감문로 1088,054-430-2937,,,,,,,,,비활성
뉴월드상사,고객업체 (판매),,서석주,도매및소매업,"창호,부속품외","대전광역시 동구 현암로 27-1, 1층(삼성동)",042-627-0669,042-627-0667,,,,,,,,비활성
주식회사서울모터스,고객업체 (판매),카드,,,,대전 대덕구 갑천 도시고속도로 1079,042-639-4646,042-639-4650,,,,,,,,비활성
비인철물,고객업체 (판매),,,,,충남 서천군 비인면 성내3리(시장입구),041-952-5024,,,,,,,,,비활성
제일공구,고객업체 (판매),,,,,,,,,,,,,,,비활성
주식회사광진천막백화점,고객업체 (판매),200511-01,남강우,건설업외,천막외,대전. 대덕구 오정로 7,,042-627-4708,,,,,,,,비활성
삼흥공구종합상사,고객업체 (판매),200508-07,김남현,도소매외,철물외,전북 익산시 인북로 59(인화동1가),,,,,,,,,,비활성
부광공구,고객업체 (판매),,,,,,,,,,,,,,,비활성
제일종합상사,고객업체 (판매),,김장열,도소매외,철물외,충청남도 서산시 대산읍 개화2길 3-12,041-667-7887,041-667-7885,,,,,,,,비활성
이수테크,고객업체 (판매),판매취소,이동제,제조,전자응용설비제작,충북 청주시 서원구 남이면 남이가좌1길 3,,,,,,,,,,비활성
KJ ENG,고객업체 (판매),,,,,,,,,,,,,,,비활성
육묘장,고객업체 (판매),,,,,,,,,,,,,,,비활성
운주철물,고객업체 (판매),,,,,,,,,,,,,,,비활성
천은보링공업사,고객업체 (판매),,,,,,,,,,,,,,,비활성
대동개발철물,고객업체 (판매),,,,,,,,,,,,,,,비활성
상신툴링,고객업체 (판매),200430-01,이철원,도소매,기계공구,경기도 화성시 효행로 1360(반월동),031-204-0966,031-204-0968,,,,,,,,비활성
삼영인테리어,고객업체 (판매),,,,,,043-848-0174,043-848-0175,,,,,,,,비활성
희망건재철물,고객업체 (판매),,,,,충북 충주시 신니면 용원1길 12,043-852-0764,,,,,,,,,비활성
LG콘테이너,고객업체 (판매),,,,,,,,,,,,,,,비활성
대성설비철물,고객업체 (판매),,,,,충북 충주시 동량면 용교리 323-2,043-853-9666,043-853-2666,,,,,,,,비활성
행복한환경,고객업체 (판매),,,,,,,,,,,,,,,비활성
영창철물,고객업체 (판매),,,,,제천,,,,,,,,,,비활성
영서종합공구,고객업체 (판매),200427-01,안연지,도소매업,철물외,경상남도 함안군 칠원읍 원서로 3,,,,,,,,,,비활성
사천공업사,고객업체 (판매),,,,,,,,,,,,,,,비활성
청남철물건재 주식회사,고객업체 (판매),,권영희,도소매업,건축,충북 청주시 서원구 남이면 척산5길 45,043-273-7002,050-4290-5430,,,,,,,,비활성
신양공구,고객업체 (판매),,강은석,소매업외,철물외,대전광역시 동구 대전로 987-1(삼성동),,,,,,,,,,비활성
이정사,고객업체 (판매),,이희근,,,,,,,,,,,,,비활성
금산폐차장,고객업체 (판매),,,,,,,,,,,,,,,비활성
장평공업사,고객업체 (판매),,,,,,,,,,,,,,,비활성
한일전기,고객업체 (판매),,,,,,,,,,,,,,,비활성
천하철물,고객업체 (판매),,,,,,,,,,,,,,,비활성
태양농자재,고객업체 (판매),,,,,,,,,,,,,,,비활성
동화전력,고객업체 (판매),,,,,,,,,,,,,,,비활성
금성건재,고객업체 (판매),,,,,,,,,,,,,,,비활성
성일공업사,고객업체 (판매),,황철,,,충남 서산시 고북면 신송리,041-662-4677,,,,,,,,,비활성
신흥철물(평택),고객업체 (판매),,,,,,,,,,,,,,,비활성
(주)세움,고객업체 (판매),카드,,,,,,,,,,,,,,비활성
KS철물,고객업체 (판매),,김공덕,소매외,철물외,전남 화순군 능주면 정암길 16,061-373-0559,061-373-0558,,,,,,,,비활성
전원농자재,고객업체 (판매),,,,,,,,,,,,,,,비활성
청원브러쉬,매입업체 (구매),,,,,,,,,,,,,,,비활성
성화철물,고객업체 (판매),,,,,,,,,,,,,,,비활성
오토온실,고객업체 (판매),,,,,,,,,,,,,,,비활성
(주)대경철물공구,고객업체 (판매),,,,,전남 함평군 함평읍 영수길 326,061-324-0978,061-324-0979,,,,,,,,비활성
리안,고객업체 (판매),,,,,,,,,,,,,,,비활성
서진철물,고객업체 (판매),,,,,,,,,,,,,,,비활성
진우건설,고객업체 (판매),,,,,,,,,,,,,,,비활성
거산천막,고객업체 (판매),,,,,,,,,,,,,,,비활성
전일상사,매입업체 (구매),,,,,대화동,,,,,,,,,,비활성
골드종합건재,고객업체 (판매),,,,,충남 예산군 광시면,041-333-8935,,,,,,,,,비활성
삼성철물[유,고객업체 (판매),,,,,,,,,,,,,,,비활성
관촌사장,고객업체 (판매),,,,,,,,,,,,,,,비활성
세철물,고객업체 (판매),,,,,,,,,,,,,,,비활성
진도건자재,고객업체 (판매),,허생범,,,전남 진도군 진도읍 남동1길 12-18,061-542-6116,061-544-3615,,,,,,,,비활성
대월천막,고객업체 (판매),,허현,,,서울시 광진구 동일로 453(중곡동1층),02-2291-1077,02-2291-1076,,,,,,,,비활성
영서건재주식회사,고객업체 (판매),200403-02,정동원,도소매,건축자재외,강원도 홍천군 홍천읍 공작산로 38,033-433-9617,033-434-7054,,,,,,,,비활성
아세아농기계,고객업체 (판매),,,,,충남 예산군 삽교읍 충의로 276,,,,,,,,,,비활성
일반판매,고객업체 (판매),,,,,,,,,,,,,,,비활성
(주)구림산업기계,고객업체 (판매),,,,,,,,,,,,,,,비활성
주식회사조광,고객업체 (판매),200327-04,조준식,도매및소매업외,건축자재외,경기도 남양주시 진건읍 양진로 221-34,,,,,,,,,,비활성
영흥금속공업(주),고객업체 (판매),,,,,대전 대덕구 대화동 425-1,042-621-0041,042-673-6050,,,,,,,,비활성
지엠이엔지주식회사,고객업체 (판매),,김영순,건설업외,설치공사외,충남 금산군 추부면 추풍로 227-36,,041-753-1751,,,,,,,,비활성
(주)수영이엔지,고객업체 (판매),,,,,,,,,,,,,,,비활성
형제엔지니어링,고객업체 (판매),,양홍복,,,충남 논산시 계백로 1185-1,041-734-6398,041-732-6398,,,,,,,,비활성
세미건축,고객업체 (판매),,,,,전남 나주시 보산동 198번지,061-332-5255,061-332-2998,,,,,,,,비활성
세일건재,고객업체 (판매),200320-01,정욱진,도소매,"철물,철재외",충남 논산시 시민로 76-2(내동),041-742-1254,041-742-3995,,,,,,,,비활성
현대철강,고객업체 (판매),,,,,충북 청주시 흥덕구 오송읍 가로수로 12,043-237-1645,043-235-3515,,,,,,,,비활성
한주산업건축,고객업체 (판매),,이안,제조업외,"천막,철구조물외",대전광역시 대덕구 신탄진로 856(신탄진동),042-932-2400,,,,,,,,,비활성
유명공업사,고객업체 (판매),,,,,,041-751-2077,,,,,,,,,비활성
성빈건설(주),고객업체 (판매),,신재복,,,대전. 대덕구 신탄진로 685,042-671-0425,042-528-0425,,,,,,,,비활성
이민우,고객업체 (판매),,,,,,,,,,,,,,,비활성
유진상사,고객업체 (판매),,,,,,,,,,,,,,,비활성
명인이엔지,고객업체 (판매),200316-01,김한흠,제조업외,금속 문외,"대전. 동구 대전로815번길 51, 2층",070-7576-1057,070-7543-1156,,,,,,,,비활성
가장천막사,고객업체 (판매),,조호철,,,대전. 서구 도마동 70-62,042-524-7060,042-524-8090,,,,,,,,비활성
합동공업사,고객업체 (판매),,박봉학,,,,042-282-4136,,,,,,,,,비활성
충북천막사,고객업체 (판매),,강태근,,,대전. 중구 부사동 100-2,042-253-1946,,,,,,,,,비활성
일광보일러  철물,고객업체 (판매),200313-02,김기만,도소매,철물 공구,강원도 원주시 문막읍  문막리482-2,033-734-6864,033-746-6865,,,,,,,,비활성
금성천막공업사,고객업체 (판매),,성기삼,,,대전 동구 소제동 299-243,042-623-0152,042-625-1794,,,,,,,,비활성
시장철물,고객업체 (판매),,이정길,,,대전. 유성구 장대동 277-13,042-822-0054,042-823-6480,,,,,,,,비활성
장계제일철물,고객업체 (판매),,,,,전북 장수군 장계면 장무로 260,063-353-6878,,,,,,,,,비활성
신도설비,고객업체 (판매),,,,,,042-634-1370,,,,,,,,,비활성
현대엔지니어링,고객업체 (판매),200305-02,안병우,건설업,"창호,금속외",대전. 대덕구 상서당1길 52-5,,042-935-3967,,,,,,,,비활성
만물사철물,고객업체 (판매),,이한준,,,대전. 대덕구 신탄진동로 39,,,,,,,,,,비활성
태광기업,고객업체 (판매),,,,,강원도 고성군 미시령옛길 1153,,,,,,,,,,비활성
주식회사 성광이엔지,고객업체 (판매),,이만춘,제조업외,농축산기자재외,전라북도 정읍시 황토현로 970,063-535-1111,063-533-7756,,,,,,,,비활성
서우건업,고객업체 (판매),200302-04,이충현,서비스외,기타도급외,"대전. 중구 보문산로171번길 30-4, 203호",,,,,,,,,,비활성
종합할인마트,고객업체 (판매),,권인환,,,대전. 서구 둔산동 1225번지,042-485-5758,,,,,,,,,비활성
금강농자재,고객업체 (판매),,,,,,,,,,,,,,,비활성
유가건축철물장식,고객업체 (판매),,유우람,,,대전. 대덕구 오정동 324-1,042-627-1133,042-627-1138,,,,,,,,비활성
부성전기철물,고객업체 (판매),,,,,,,,,,,,,,,비활성
믿음설비공사,고객업체 (판매),,김상영,,,대전. 중구 문화로 77,042-583-8204,,,,,,,,,비활성
현대철물웅천,혼합 (판매+구매),,이상전,,,충남 보령시 웅천읍 대창리 348-11(읍사무소앞),041-933-2884,041-934-2884,,,,,,,,비활성
대명종합자재마트,고객업체 (판매),,,,,,,,,,,,,,,비활성
씽씽,고객업체 (판매),,,,,,,,,,,,,,,비활성
한국철물내포,매입업체 (구매),,추준호,도소매,철물,전남완도군.읍 가용리 1072  5/5,,,,,,,,,,비활성
일광종합상사,고객업체 (판매),,김정환,도매업,건축자재,강원도 원주시 문막읍 문막시장1길 7,,,,,,,,,,비활성
충북기업(주),고객업체 (판매),,이점숙,도소매,건재 공구,충북 음성군 매동면 덕금로 423-1,,,,,,,,,,비활성
이용대팀장,고객업체 (판매),,,,,,,,,,,,,,,비활성
주은철강,고객업체 (판매),,이동윤,,,충남 부여군 부여읍 석목로 65,041-834-0114,041-836-2588,,,,,,,,비활성
삼익공조,고객업체 (판매),,김창섭,공조닥트 배기 후드,,대전광역시 동구 대전천동로 462(인동29-4),042-271-6129,042-367-1059,,,,,,,,비활성
동보,고객업체 (판매),,김흥영,도소매,건축자재,충북 보은군 보은읍 보은로 10-3  1층,,,,,,,,,,비활성
토방 철물 공구 안전용품,고객업체 (판매),,김선미,도매및소매업,건자재,전남 목포시 산정로 29-1(동명동),,,,,,,,,,비활성
삼례 형제,고객업체 (판매),,,,,,,,,,,,,,,비활성
주식회사 스페이스,고객업체 (판매),,,,,,,,,,,,,,,비활성
한일펌프철물,혼합 (판매+구매),,,,,,,,,,,,,,,비활성
최숙종,매입업체 (구매),,,,,,,,,,,,,,,비활성
신흥종합건재,고객업체 (판매),,오태연,,,대전광역시 대덕구 대덕대로1601번길 9,042-932-1323,042-931-5470,,,,,,,,비활성
삼일철물,고객업체 (판매),,,,,,,,,,,,,,,비활성
명성공구,매입업체 (구매),,,,,서울특별시 구로구,,,,,,,,,,비활성
형제철물공구,고객업체 (판매),,정일락,,,전북 완주군 삼례읍 삼례리 916-5,063-291-1909,,,,,,,,,비활성
연재철물,고객업체 (판매),,,,,,,,,,,,,,,비활성
삼록연탄보일러,고객업체 (판매),,,,,,043-259-4788,,,,,,,,,비활성
중부건재상사,고객업체 (판매),,김순희,,,청주시 상당구 남일면 단재로 488-8,043-297-4918,043-297-4917,,,,,,,,비활성
주광산업,고객업체 (판매),,,,,,,,,,,,,,,비활성
우리휀스,고객업체 (판매),,,,,,,,,,,,,,,비활성
동부건재,고객업체 (판매),,,,,,,,,,,,,,,비활성
부영설비상사,고객업체 (판매),,이부영,도매및상품중개업,일반철물및수공구외,충남 논산시 관촉로 288(취암동),041-733-3607,,,,,,,,,비활성
대흥철물건재,고객업체 (판매),,전수연,도소매,철물공구,경기도양주시광적면광적로186,,,,,,,,,,비활성
영서건재,고객업체 (판매),,,,,,,,,,,,,,,비활성
신흥건재신화,고객업체 (판매),,,,,,,,,,,,,,,비활성
신흥건재,고객업체 (판매),,,,,,,,,,,,,,,비활성
경신공구,고객업체 (판매),,,,,,,,,,,,,,,비활성
동일건재,고객업체 (판매),,권민식,도매및소매업,공구 철물,경북 예천군 예천읍 청복리  404-1,,,,,,,,,,비활성
대성철물건재,고객업체 (판매),,안병만,도소매,철물,충남 당진시 신평면 신평시장2길9,,,,,,,,,,비활성
현대철물공구,고객업체 (판매),,,,,,,,,,,,,,,비활성
한솔자재마트,고객업체 (판매),,,,,,,,,,,,,,,비활성
하이원전기,고객업체 (판매),,이규원,,,,,,,,,,,,,비활성
옥계철물점,고객업체 (판매),,현상권,소매업,철물 건재,대전시 중구 옥계동 39-1,,,,,,,,,,비활성
하이원 시스템,고객업체 (판매),,이규원,제조업,자동제어장치,충북 진천군 덕산면 덕금로 529,,,,,,,,,,비활성
2000종합상사,고객업체 (판매),20190923-01,이대일,도소매,공구,경기도 이천시 이섭대천로 1176(중리동),,,,,,,,,,비활성
서해건재,고객업체 (판매),,,,,,,,,,,,,,,비활성
대성산업,고객업체 (판매),,,,,,,,,,,,,,,비활성
한영상사,매입업체 (구매),,윤일수,도매및소매업,공구,충남 예산군 삽교읍 신가리 26-25 A동 101호,,,,,,,,,,비활성
새마을건축,고객업체 (판매),,,,,광천면,,,,,,,,,,비활성
안영철물,고객업체 (판매),,,,,,,,,,,,,,,비활성
토방철물공구안전용품,고객업체 (판매),,김선미,도매및소매업,건자재,전남 목포시 산정로 29-1(동명동),,,,,,,,,,비활성
현대공구건재,고객업체 (판매),,김세영,도소매,공구.건축자재,충북음성군삼성면대성로595,,,,,,,,,,비활성
동신종합상사,고객업체 (판매),,장필순,도소매,"작업복,안전용품,공구",충남당진시서해로6089-56,,,,,,,,,,비활성
동명종합상사,고객업체 (판매),,박상순,도소매,철물,대전광역시 대덕구 오정로 5(오정동),,,,,,,,,,비활성
동산건업,고객업체 (판매),,지관구,건설업,철거공사,경기도남양주시전접읍금강로전도치길2길1-1,,,,,,,,,,비활성
둔포정원철물,고객업체 (판매),,배정원,도소매,철물,충남아산시둔포면충무로1798,,,,,,,,,,비활성
[폐업]동진종합상사,고객업체 (판매),,김인범,소매업,철물,전북 군산시 새만금북로 221(오식도동),,,,,,,,,,비활성
덕명철물,고객업체 (판매),,안태남,도소매,철물점,대전시 유성구 학하서로 126-22 1층 101호(덕명동),,,,,,,,,,비활성
덕성종합건재,고객업체 (판매),,송문호,소매업,철물.건재,경기도용인시처인구백암면백암리366-1,,,,,,,,,,비활성
대호공구,고객업체 (판매),,이진호,도소매,공구 철물,경기도 화성시 남양읍 화성로  1033,,,,,,,,,,비활성
대형공구,고객업체 (판매),,이기형,도소매,공구 철ㅇ술,전북 익산시 선화로 689(부송동),,,,,,,,,,비활성
[폐업]대한판넬,고객업체 (판매),,김종화,도소매,판넬,충남천안시서북구입장면망향로1083,,,,,,,,,,비활성
대정건업사,고객업체 (판매),,송인문,건설업외,건축자재,충북 청주시 서원구 현도면 청남로 267,,,,,,,,,,비활성
대전닥트,고객업체 (판매),,이재갑,건설업외,닥트 냉난방설비,대전시 대덕구 대전로 1032,,,,,,,,,,비활성
대자철물건재,고객업체 (판매),,홍경석,도소매,철물,경기도고양시덕양구호국로1407,,,,,,,,,,비활성
만선종합건재,고객업체 (판매),,박춘임,도소매,건축자재,경기도 광주시 곤지암읍 만선로 36  1층,,,,,,,,,,비활성
서울철물안전,고객업체 (판매),,이선숙,도매및소매,안전용품 철물,충남 서천군 서면 서인로403번길 10,,,,,,,,,,비활성
삼성건재상사,고객업체 (판매),,강성권,소매업,건축사재,충북음성군삼성면덕정로34,,,,,,,,,,비활성
대우종합철물공구,고객업체 (판매),,이계숙,도소매업,철물 공구,충남 아산시  온천대로 1595,,,,,,,,,,비활성
선화유통,고객업체 (판매),,이은해,도소매,전기자재,경기도 포천시 영북면 운천리 593-36,,,,,,,,,,비활성
서해철물건재,고객업체 (판매),,이상구,도소매,일반철물,충남 서산시 음암면 부산리 737-22,,,,,,,,,,비활성
서이천건재철물,고객업체 (판매),,한경수,도소매,철물.공구,경기도이천시마장면표교리162-5,,,,,,,,,,비활성
서울철물건재,고객업체 (판매),,유문석,도소매,,충나아산시탕정면탕정면로210,,,,,,,,,,비활성
서산철물건재,고객업체 (판매),,황선정,도소매,철물,충남서산시동현로14,,,,,,,,,,비활성
새론,고객업체 (판매),,최종근,도소매,기계공구,충북음성군대소면성본리387-7,,,,,,,,,,비활성
상록종합건재,고객업체 (판매),,이성복,도소매,철물,충남당진군송악면중흥리246-16,,,,,,,,,,비활성
삼성건재,고객업체 (판매),,장주헌,도소매,일반철물,충북 청주시 흥덕구  옥산면 오송가락로 816-3,,,,,,,,,,비활성
삼보건재철물,고객업체 (판매),,정연규,도소매,철물,경기도이천시마장면이치리363-32,,,,,,,,,,비활성
부흥종합건재,고객업체 (판매),,김성환,소매업,건축자재,충남 아산시 음봉면 산동리  591-9,,,,,,,,,,비활성
부광종합상사,고객업체 (판매),,유상환,소매업,철물,충남서산시잠홍동581-7,,,,,,,,,,비활성
복동철물건재,고객업체 (판매),,곽복동,도소매,인반철물,전남 보성군 벌교읍 장좌리 559,,,,,,,,,,비활성
백제건재상사,고객업체 (판매),,남현주,도소매,철물,충남천안시서북구성성동366,,,,,,,,,,비활성
반석종합건재,고객업체 (판매),,주은선,도소매,건축자재,경기도파주시문산읍문산리 17-298,,,,,,,,,,비활성
[폐업]미림테크유통,고객업체 (판매),,최인애,도소매,전기용품,광주광역시남구 서문대로 637,,,,,,,,,,비활성
문일종합공구철물,고객업체 (판매),,문일기,도소매,공구건설자재,전북 군산시 옥녀로 6~59,,,,,,,,,,비활성
성우안전공구,고객업체 (판매),,이동규,도소매,공구,충남당진시당진천2길 162,,,,,,,,,,비활성
대왕종합상사,고객업체 (판매),,이진우,도매및소매,건축자재,세종특별자치시 연서면 세종로 1861,,,,,,,,,,비활성
계양전동공구,고객업체 (판매),,박종원,도소매,공구기계,충북음성군금왕읍무극리592-3,,,,,,,,,,비활성
계양공구,고객업체 (판매),,유혜경,도매,전동공구철물,경기도여주시영릉로27,,,,,,,,,,비활성
경기공구,고객업체 (판매),,김옥선,도소매,공구철물,경기도여주시영릉로124,,,,,,,,,,비활성
거산철물공구,고객업체 (판매),,김성규,도소매,건설자재,경기도 화성시 송산면 송산포도로 23,,,,,,,,,,비활성
강산건재철물,고객업체 (판매),,이경자,도소매,건축자재,대전시 대덕구  오정로101,,,,,,,,,,비활성
가나유성철물건재,고객업체 (판매),,윤인규,소매,철물,경기도여주군가남면태평중앙1길17,,,,,,,,,,비활성
광성우드,고객업체 (판매),,남태현,도매,건축자재,강원도 원주시 호저면 원문로 563,,,,,,,,,,비활성
[폐업]LC머신테크,고객업체 (판매),,임환규,도소매업,공구 철물,전북 익산시 함열읍 함열중앙로  56,,,,,,,,,,비활성
(주)한국건설산업,고객업체 (판매),,홍재의,건설업,금속구조물,충북 옥천군 옥천읍 마암로 119,,,,,,,,,,비활성
(주)탑산업안전,고객업체 (판매),,허인숙,도소매,안전용품,충남 아산시 음봉면  음봉로 681번길  116,,,,,,,,,,비활성
(주)중부산업유통,고객업체 (판매),,이영희,제조,토목,충북 음성군 대소면 대금로 190,,,,,,,,,,비활성
[폐업](주)성민종합상사,고객업체 (판매),,조기상,도소매,철물 공구 안전장비,세종특별자치시 금남면 안금로 513~17,,,,,,,,,,비활성
(유)부광철물,고객업체 (판매),,김민우,도매,철물건축자재,전남 나주시 남평읍 남평1로 21,,,,,,,,,,비활성
광일종합건재,고객업체 (판매),,주미순,도소매,철물,전남함평군학교면사거리991-7,,,,,,,,,,비활성
대연산업,고객업체 (판매),,이용선,도소매,철물,충남 공주시 금학동 58,,,,,,,,,,비활성
대신상사,고객업체 (판매),,경유호,도소매,안전용품,충북충주시봉방동240-17,,,,,,,,,,비활성
대성건철,고객업체 (판매),,김태홍,도소매,건축자재,경기도파주시탄현면문지리26-1,,,,,,,,,,비활성
대명건축장식,고객업체 (판매),,김도한,소매업,철물,대전시 대덕구 오정로99번길 7,,,,,,,,,,비활성
대림종합건재상사,고객업체 (판매),,김민승,도소매,건축자재,충남 예산군 예산읍 예산리 722-3,,,,,,,,,,비활성
대광철물상사,고객업체 (판매),,손대현,도소매,철물,충남 계룡시 엄사면 엄사중앙로 5,,,,,,,,,,비활성
대광베어링유압상사,고객업체 (판매),,권혜영,도매,베어링,충북 충주시 충원대로 562,,,,,,,,,,비활성
내촌판넬,고객업체 (판매),,이설희,도소매,판넬,경기도포천시내촌면금강로2274,,,,,,,,,,비활성
기웅종합볼트,고객업체 (판매),,심재관외1명,도소매,볼트,경기도파주시탄현면법흥리15-9,,,,,,,,,,비활성
금사종합건재,고객업체 (판매),,이상민,도소매,철물,경기도여주군금사면이여로1324,,,,,,,,,,비활성
국제열쇠철물,고객업체 (판매),,윤정숙,도소매,철물,충남아산시배방읍모산로81 101호,,,,,,,,,,비활성
성도산업,고객업체 (판매),,이재성,도소매,건축자재,충북 청원군 오송읍 오송가락로 316,,,,,,,,,,비활성
성은종합공구,고객업체 (판매),,한은숙,도소매,철물,충남 천안시 서북구 성환읍 연암율금로493,,,,,,,,,,비활성
[폐업]평화종합건재,고객업체 (판매),,김호섭,도소매,철물,경기도화성시양감면은행나무로283,,,,,,,,,,비활성
파트너자재백화점,고객업체 (판매),,김도형,도소매,공구,경북안동시풍산읍풍산중앙길12,,,,,,,,,,비활성
파주철물종합상사,고객업체 (판매),,이영미,도소매,철물건재,경기도파주시파주읍술이홀로227,,,,,,,,,,비활성
파인종합상사,고객업체 (판매),,한정욱,도소매,공구.안전용품,충남아산시둔포면충무로1582,,,,,,,,,,비활성
태창톱공구,고객업체 (판매),,김기갑,도소매,공구.톱날,충남서산시중앙로101,,,,,,,,,,비활성
태양공구,고객업체 (판매),,배관용,소매업,공구 안전장구,충남 공주시 신관로33,,,,,,,,,,비활성
태신종합건재,고객업체 (판매),,조성종,소매,철물,충남당진시합덕읍면천로1730,,,,,,,,,,비활성
태광종합상사,고객업체 (판매),,이정은,도소매,건축자재,충남당진시합덕읍운산리680-7,,,,,,,,,,비활성
친구공구,고객업체 (판매),,이지연,도소매,철물 안전용품,충남 아산시 신창면 온천대로 830,,,,,,,,,,비활성
충남안전철물건재상사,고객업체 (판매),,김완수,도소매,안전철물건재,충남 보령시  오천면 토정리 1204,,,,,,,,,,비활성
최배달건재 철물,고객업체 (판매),,최관묵,도매 소매업,건재 철물,전남  나주시 황동3길 61 103.104호,,,,,,,,,,비활성
철물 DC 마트,고객업체 (판매),,이선구,도소매,안전용품,강원도 홍천군 홍천읍 홍천로 604,,,,,,,,,,비활성
창성공구,고객업체 (판매),,손승철,소매,철물 공구,전남 목포시 산정동 1415~4,,,,,,,,,,비활성
진흥철물건재상사,고객업체 (판매),,윤여귄,도소매,철물,충남보령시보령남로49-3,,,,,,,,,,비활성
주식회사철물만돌이,고객업체 (판매),,장미라,도소매,철물,충남당진시돌비로2,,,,,,,,,,비활성
주식회사성진이엔씨,고객업체 (판매),,김병선,건설업,플랜트배관,충남천안시입장면신덕4길12호,,,,,,,,,,비활성
하나상사,고객업체 (판매),,백병화,도소매,철물.종합공구,충남서천군장항읍장항로179179번길16,,,,,,,,,,비활성
주식회사보성중공업,고객업체 (판매),,이현진,"제조업,도소매",수문.권양기,충북진천군초평면구정로365,,,,,,,,,,비활성
효촌철물공구백화점,고객업체 (판매),,황영분,도소매,철물 외,충북 청주시 상당구 남일면 단재로 509-1,,,,,,,,,,비활성
효성종합철물건재,고객업체 (판매),,안동필외1명,소매,철물,전북고창군고창읍보릿골로75-1,,,,,,,,,,비활성
황금종합철물,고객업체 (판매),,최선용,소매업,철물점,충남 홍성군 홍북면 애향9길 9,,,,,,,,,,비활성
화정한빛철물,고객업체 (판매),,김동민,도소매,철물,경기도고양시덕양구화신로2341층111호,,,,,,,,,,비활성
화전건재,고객업체 (판매),,최동호,도소매,건축자재,경기도고양시덕양구화전동223-12,,,,,,,,,,비활성
형제종합상사,고객업체 (판매),,박경임,도매소매,철물,전남 나주시 노안면 건재노  513-1,,,,,,,,,,비활성
현대종합건재상사,고객업체 (판매),,전민숙,도소매,건축자재,충남 부여군 부여읍 군수리 166,,,,,,,,,,비활성
[폐업]행복종합상사,고객업체 (판매),,이병학,도소매,공구,세종시 조치원읍 허만석로 21,,,,,,,,,,비활성
행복건재,고객업체 (판매),,이기배,도소매,철물 수공구,충북 옥천군 옥천읍 마장로 6 1층,,,,,,,,,,비활성
함열기계상사,고객업체 (판매),,이금분,도소매,철물,전북 익산시 함열읍 함열중앙로  56,,,,,,,,,,비활성
한재종합공구,고객업체 (판매),,김영재,도소매,공구,충북음성군대소면대물로10,,,,,,,,,,비활성
한일상사,고객업체 (판매),,한상철,도소매,철물,충남천안시서북구직산읍상덕로39,,,,,,,,,,비활성
[폐업]한솔종합자재마트,고객업체 (판매),,김만호,도매및소매업,종합자재,경북 문경시 경서로 162  1층(점촌동),,,,,,,,,,비활성
한국타일철물건재,고객업체 (판매),,오필균,소매,타일 철물,대전시 대덕구 석봉동 309-1,,,,,,,,,,비활성
한국철물,고객업체 (판매),,추준호,도소매,철물,전남완도군.읍 가용리 1072  5/5,,,,,,,,,,비활성
주식회사부발건재,고객업체 (판매),,이현숙,도소매,건축자재,경기도이천시부발읍무촌로91,,,,,,,,,,비활성
[폐업]주식회사동양툴테크,고객업체 (판매),,한상희,도소매,공구,충남아산시둔포면충무로1582,,,,,,,,,,비활성
성화종합상사,고객업체 (판매),,홍현임,도소매,공구,경기도 화성시 송산면 사강로 176,,,,,,,,,,비활성
은혜종합상사,고객업체 (판매),,연세희,도매및소매업,일반철물,충북 증평군 증평읍 중앙로 155(삼보로113),,,,,,,,,,비활성
유일건철안전,고객업체 (판매),,김선욱,도소매,건축자재,경기도양주시봉양동860,,,,,,,,,,비활성
원주철물,고객업체 (판매),,한영희,도매및소매업,철물,강원도 원주시 우산로 278-1 나동 1층 104호,,,,,,,,,,비활성
우일건재주식회사,고객업체 (판매),,김남구,도매,건축자재,충북 옥천군 옥천읍 마장로32,,,,,,,,,,비활성
우성닥트함석,고객업체 (판매),,강주원,제조,철물 수리,충북 진천군 진천읍 성석리 609-6,,,,,,,,,,비활성
오창공구 티암,고객업체 (판매),,김현경,도매,공구,충북청주시 청원구오창읍 과학산업4로 8-6,,,,,,,,,,비활성
[폐업]이천공구사,고객업체 (판매),,한정권,도매업,기계공구,경기도 이천시 이섭대천로 1180,,,,,,,,,,비활성
연합건업,고객업체 (판매),,김미선,도소매,철물공구,충남천안시동남구목천읍성남로23101102호,,,,,,,,,,비활성
[폐업]연무종합상사,고객업체 (판매),,전원자,도소매업,유압호스트 볼트,충남 논산시 연무읍 안심로 7~1,,,,,,,,,,비활성
[폐업]신탄공구종합철물,고객업체 (판매),,정기형,도소매,철물,대전시 대덕구 덕암로 238,,,,,,,,,,비활성
신성테크,고객업체 (판매),,차동훈,도소매,기계공구,전북전주시완산구태평1길32,,,,,,,,,,비활성
신성철물,고객업체 (판매),,조하영,소매,철물,충남당진시백암로205,,,,,,,,,,비활성
[폐업]시온종합상사,고객업체 (판매),,전병훈,도소매업,기계공구,,,,,,,,,,,비활성
슈퍼맨안전철물,고객업체 (판매),,정해동,도소매,안전철물,충북 청주시 상당구 성안로 104-1(석교동),,,,,,,,,,비활성
이원건철,고객업체 (판매),,이원재,도소매,건축자재,경기도 연천군 전곡읍 전곡리 276-28,,,,,,,,,,비활성
이천베아링,고객업체 (판매),,최동철,도매업,베아링 기계공구,경기도 이천시 중리동 223~2,,,,,,,,,,비활성
주식회사건국종합상사,고객업체 (판매),,최명희,도소매,건축자재,경기도파주시법원읍화합로42,,,,,,,,,,비활성
[폐업]제일종합상사,고객업체 (판매),,박제하,도매및소매업,공구 철물외,충북 청주시 청원구 오창읍 과학산업4로 8-10(3호),,,,,,,,,,비활성
주식회사 신영건재,고객업체 (판매),,신원재,도소매업,건축자재,충북 청주시 서원구 남이면 청남로 882,,,,,,,,,,비활성
주식회사 부일산업,고객업체 (판매),,김혁세,건설제조업,금속구조물,경남 김해시 상동면 장척로 699-16,,,,,,,,,,비활성
주식회사 광개토산업,고객업체 (판매),,황인천,도소매,농자재,충북 영동군 영동읍 영동황간로 747,,,,,,,,,,비활성
조광철물건재,고객업체 (판매),,안치현,도소매,철물,충남천안시동남구병천면아우내순대길32,,,,,,,,,,비활성
조광P&C,고객업체 (판매),,유연숙,건설외,도장공사 외,전남 담양군 담양읍 지침6길 57,,,,,,,,,,비활성
제주렌탈이앤씨,고객업체 (판매),,강용전,건설업,건축공사,제주도 제주시 노형로 19(해안동),,,,,,,,,,비활성
제일전기,고객업체 (판매),,권정희,도소매,전기재료,경기도동두천시어수로101번길36,,,,,,,,,,비활성
인동철물공구상사 주식회사,고객업체 (판매),,,,,,,,,,,,,,,비활성
제일고철상사,고객업체 (판매),,김호경,도소매,고철,충남 천안시 서북구 입장면 신덕리 228-32,,,,,,,,,,비활성
정수건철,고객업체 (판매),,강병연,도소매,건축자재,경기도 수원시 권선구 평동로9번길 59 102호(고색동),,,,,,,,,,비활성
전원철물,고객업체 (판매),,이신,도소매,기타건축자재,충남천안시동남구북면위례성로5,,,,,,,,,,비활성
